seed,epoch,relative_epoch_to_tau,train_acc,val_acc,test_acc_if_available,layer,hook,erank,delta_attn_if_layer_hook,delta_mlp_if_layer_hook,checkpoint_label,checkpoint_path
0,0,-2439,0.0,0.0,0.0,0,resid_pre,1.0000000000001632,69.23604018684098,-3.580336805166155,epoch_0,/scratch/f006j44/erank/erank-interp/outputs/modadd_periodic_checkpoints/seed_0/checkpoints/model_epoch_000000.pt
0,0,-2439,0.0,0.0,0.0,0,resid_mid,70.23604018684114,,,epoch_0,/scratch/f006j44/erank/erank-interp/outputs/modadd_periodic_checkpoints/seed_0/checkpoints/model_epoch_000000.pt
0,0,-2439,0.0,0.0,0.0,0,resid_post,66.65570338167498,,,epoch_0,/scratch/f006j44/erank/erank-interp/outputs/modadd_periodic_checkpoints/seed_0/checkpoints/model_epoch_000000.pt
0,0,-2439,0.0,0.0,0.0,1,resid_pre,66.65570338167498,9.651863793867562,-4.897911480624003,epoch_0,/scratch/f006j44/erank/erank-interp/outputs/modadd_periodic_checkpoints/seed_0/checkpoints/model_epoch_000000.pt
0,0,-2439,0.0,0.0,0.0,1,resid_mid,76.30756717554254,,,epoch_0,/scratch/f006j44/erank/erank-interp/outputs/modadd_periodic_checkpoints/seed_0/checkpoints/model_epoch_000000.pt
0,0,-2439,0.0,0.0,0.0,1,resid_post,71.40965569491854,,,epoch_0,/scratch/f006j44/erank/erank-interp/outputs/modadd_periodic_checkpoints/seed_0/checkpoints/model_epoch_000000.pt
0,122,-2317,0.993733681462141,0.0045866428012081885,0.0045866428012081885,0,resid_pre,1.0000000000001505,35.57344091868653,-15.873706925679823,epoch_122,/scratch/f006j44/erank/erank-interp/outputs/modadd_periodic_checkpoints/seed_0/checkpoints/model_epoch_000122.pt
0,122,-2317,0.993733681462141,0.0045866428012081885,0.0045866428012081885,0,resid_mid,36.57344091868668,,,epoch_122,/scratch/f006j44/erank/erank-interp/outputs/modadd_periodic_checkpoints/seed_0/checkpoints/model_epoch_000122.pt
0,122,-2317,0.993733681462141,0.0045866428012081885,0.0045866428012081885,0,resid_post,20.699733993006856,,,epoch_122,/scratch/f006j44/erank/erank-interp/outputs/modadd_periodic_checkpoints/seed_0/checkpoints/model_epoch_000122.pt
0,122,-2317,0.993733681462141,0.0045866428012081885,0.0045866428012081885,1,resid_pre,20.699733993006856,21.53917975017168,48.514950586385645,epoch_122,/scratch/f006j44/erank/erank-interp/outputs/modadd_periodic_checkpoints/seed_0/checkpoints/model_epoch_000122.pt
0,122,-2317,0.993733681462141,0.0045866428012081885,0.0045866428012081885,1,resid_mid,42.238913743178536,,,epoch_122,/scratch/f006j44/erank/erank-interp/outputs/modadd_periodic_checkpoints/seed_0/checkpoints/model_epoch_000122.pt
0,122,-2317,0.993733681462141,0.0045866428012081885,0.0045866428012081885,1,resid_post,90.75386432956418,,,epoch_122,/scratch/f006j44/erank/erank-interp/outputs/modadd_periodic_checkpoints/seed_0/checkpoints/model_epoch_000122.pt
0,250,-2189,0.9947780678851175,0.0064884215236603645,0.0064884215236603645,0,resid_pre,1.0000000000001676,23.798620126212573,-7.622678292710635,epoch_250,/scratch/f006j44/erank/erank-interp/outputs/modadd_periodic_checkpoints/seed_0/checkpoints/model_epoch_000250.pt
0,250,-2189,0.9947780678851175,0.0064884215236603645,0.0064884215236603645,0,resid_mid,24.79862012621274,,,epoch_250,/scratch/f006j44/erank/erank-interp/outputs/modadd_periodic_checkpoints/seed_0/checkpoints/model_epoch_000250.pt
0,250,-2189,0.9947780678851175,0.0064884215236603645,0.0064884215236603645,0,resid_post,17.175941833502105,,,epoch_250,/scratch/f006j44/erank/erank-interp/outputs/modadd_periodic_checkpoints/seed_0/checkpoints/model_epoch_000250.pt
0,250,-2189,0.9947780678851175,0.0064884215236603645,0.0064884215236603645,1,resid_pre,17.175941833502105,20.424832741164405,50.19603626774019,epoch_250,/scratch/f006j44/erank/erank-interp/outputs/modadd_periodic_checkpoints/seed_0/checkpoints/model_epoch_000250.pt
0,250,-2189,0.9947780678851175,0.0064884215236603645,0.0064884215236603645,1,resid_mid,37.60077457466651,,,epoch_250,/scratch/f006j44/erank/erank-interp/outputs/modadd_periodic_checkpoints/seed_0/checkpoints/model_epoch_000250.pt
0,250,-2189,0.9947780678851175,0.0064884215236603645,0.0064884215236603645,1,resid_post,87.7968108424067,,,epoch_250,/scratch/f006j44/erank/erank-interp/outputs/modadd_periodic_checkpoints/seed_0/checkpoints/model_epoch_000250.pt
0,500,-1939,0.9994778067885117,0.007383376216579036,0.007383376216579036,0,resid_pre,1.0000000000001523,17.543432983355085,-3.334023346364976,epoch_500,/scratch/f006j44/erank/erank-interp/outputs/modadd_periodic_checkpoints/seed_0/checkpoints/model_epoch_000500.pt
0,500,-1939,0.9994778067885117,0.007383376216579036,0.007383376216579036,0,resid_mid,18.54343298335524,,,epoch_500,/scratch/f006j44/erank/erank-interp/outputs/modadd_periodic_checkpoints/seed_0/checkpoints/model_epoch_000500.pt
0,500,-1939,0.9994778067885117,0.007383376216579036,0.007383376216579036,0,resid_post,15.209409636990262,,,epoch_500,/scratch/f006j44/erank/erank-interp/outputs/modadd_periodic_checkpoints/seed_0/checkpoints/model_epoch_000500.pt
0,500,-1939,0.9994778067885117,0.007383376216579036,0.007383376216579036,1,resid_pre,15.209409636990262,19.704541174486177,47.74983190834642,epoch_500,/scratch/f006j44/erank/erank-interp/outputs/modadd_periodic_checkpoints/seed_0/checkpoints/model_epoch_000500.pt
0,500,-1939,0.9994778067885117,0.007383376216579036,0.007383376216579036,1,resid_mid,34.91395081147644,,,epoch_500,/scratch/f006j44/erank/erank-interp/outputs/modadd_periodic_checkpoints/seed_0/checkpoints/model_epoch_000500.pt
0,500,-1939,0.9994778067885117,0.007383376216579036,0.007383376216579036,1,resid_post,82.66378271982286,,,epoch_500,/scratch/f006j44/erank/erank-interp/outputs/modadd_periodic_checkpoints/seed_0/checkpoints/model_epoch_000500.pt
0,612,-1827,1.0,0.010291978968564717,0.010291978968564717,0,resid_pre,1.0000000000001452,16.65576779355264,-2.626319707956643,epoch_612,/scratch/f006j44/erank/erank-interp/outputs/modadd_periodic_checkpoints/seed_0/checkpoints/model_epoch_000612.pt
0,612,-1827,1.0,0.010291978968564717,0.010291978968564717,0,resid_mid,17.655767793552787,,,epoch_612,/scratch/f006j44/erank/erank-interp/outputs/modadd_periodic_checkpoints/seed_0/checkpoints/model_epoch_000612.pt
0,612,-1827,1.0,0.010291978968564717,0.010291978968564717,0,resid_post,15.029448085596144,,,epoch_612,/scratch/f006j44/erank/erank-interp/outputs/modadd_periodic_checkpoints/seed_0/checkpoints/model_epoch_000612.pt
0,612,-1827,1.0,0.010291978968564717,0.010291978968564717,1,resid_pre,15.029448085596144,19.878176956753435,47.40027944107963,epoch_612,/scratch/f006j44/erank/erank-interp/outputs/modadd_periodic_checkpoints/seed_0/checkpoints/model_epoch_000612.pt
0,612,-1827,1.0,0.010291978968564717,0.010291978968564717,1,resid_mid,34.90762504234958,,,epoch_612,/scratch/f006j44/erank/erank-interp/outputs/modadd_periodic_checkpoints/seed_0/checkpoints/model_epoch_000612.pt
0,612,-1827,1.0,0.010291978968564717,0.010291978968564717,1,resid_post,82.30790448342921,,,epoch_612,/scratch/f006j44/erank/erank-interp/outputs/modadd_periodic_checkpoints/seed_0/checkpoints/model_epoch_000612.pt
0,750,-1689,1.0,0.011970019017787225,0.011970019017787225,0,resid_pre,1.0000000000001243,15.790218584155372,-2.1110763108386585,epoch_750,/scratch/f006j44/erank/erank-interp/outputs/modadd_periodic_checkpoints/seed_0/checkpoints/model_epoch_000750.pt
0,750,-1689,1.0,0.011970019017787225,0.011970019017787225,0,resid_mid,16.790218584155497,,,epoch_750,/scratch/f006j44/erank/erank-interp/outputs/modadd_periodic_checkpoints/seed_0/checkpoints/model_epoch_000750.pt
0,750,-1689,1.0,0.011970019017787225,0.011970019017787225,0,resid_post,14.679142273316838,,,epoch_750,/scratch/f006j44/erank/erank-interp/outputs/modadd_periodic_checkpoints/seed_0/checkpoints/model_epoch_000750.pt
0,750,-1689,1.0,0.011970019017787225,0.011970019017787225,1,resid_pre,14.679142273316838,19.86092359935694,45.94936613942809,epoch_750,/scratch/f006j44/erank/erank-interp/outputs/modadd_periodic_checkpoints/seed_0/checkpoints/model_epoch_000750.pt
0,750,-1689,1.0,0.011970019017787225,0.011970019017787225,1,resid_mid,34.54006587267378,,,epoch_750,/scratch/f006j44/erank/erank-interp/outputs/modadd_periodic_checkpoints/seed_0/checkpoints/model_epoch_000750.pt
0,750,-1689,1.0,0.011970019017787225,0.011970019017787225,1,resid_post,80.48943201210187,,,epoch_750,/scratch/f006j44/erank/erank-interp/outputs/modadd_periodic_checkpoints/seed_0/checkpoints/model_epoch_000750.pt
0,1000,-1439,1.0,0.013871797740239401,0.013871797740239401,0,resid_pre,1.00000000000016,14.600043201022382,-1.6811268156216173,epoch_1000,/scratch/f006j44/erank/erank-interp/outputs/modadd_periodic_checkpoints/seed_0/checkpoints/model_epoch_001000.pt
0,1000,-1439,1.0,0.013871797740239401,0.013871797740239401,0,resid_mid,15.600043201022542,,,epoch_1000,/scratch/f006j44/erank/erank-interp/outputs/modadd_periodic_checkpoints/seed_0/checkpoints/model_epoch_001000.pt
0,1000,-1439,1.0,0.013871797740239401,0.013871797740239401,0,resid_post,13.918916385400925,,,epoch_1000,/scratch/f006j44/erank/erank-interp/outputs/modadd_periodic_checkpoints/seed_0/checkpoints/model_epoch_001000.pt
0,1000,-1439,1.0,0.013871797740239401,0.013871797740239401,1,resid_pre,13.918916385400925,19.351099026532474,42.448631748601144,epoch_1000,/scratch/f006j44/erank/erank-interp/outputs/modadd_periodic_checkpoints/seed_0/checkpoints/model_epoch_001000.pt
0,1000,-1439,1.0,0.013871797740239401,0.013871797740239401,1,resid_mid,33.2700154119334,,,epoch_1000,/scratch/f006j44/erank/erank-interp/outputs/modadd_periodic_checkpoints/seed_0/checkpoints/model_epoch_001000.pt
0,1000,-1439,1.0,0.013871797740239401,0.013871797740239401,1,resid_post,75.71864716053454,,,epoch_1000,/scratch/f006j44/erank/erank-interp/outputs/modadd_periodic_checkpoints/seed_0/checkpoints/model_epoch_001000.pt
0,1250,-1189,1.0,0.02483499272849312,0.02483499272849312,0,resid_pre,1.0000000000001656,13.970803849909846,-1.2437999979291643,epoch_1250,/scratch/f006j44/erank/erank-interp/outputs/modadd_periodic_checkpoints/seed_0/checkpoints/model_epoch_001250.pt
0,1250,-1189,1.0,0.02483499272849312,0.02483499272849312,0,resid_mid,14.970803849910011,,,epoch_1250,/scratch/f006j44/erank/erank-interp/outputs/modadd_periodic_checkpoints/seed_0/checkpoints/model_epoch_001250.pt
0,1250,-1189,1.0,0.02483499272849312,0.02483499272849312,0,resid_post,13.727003851980847,,,epoch_1250,/scratch/f006j44/erank/erank-interp/outputs/modadd_periodic_checkpoints/seed_0/checkpoints/model_epoch_001250.pt
0,1250,-1189,1.0,0.02483499272849312,0.02483499272849312,1,resid_pre,13.727003851980847,19.14486916757481,41.8162522265247,epoch_1250,/scratch/f006j44/erank/erank-interp/outputs/modadd_periodic_checkpoints/seed_0/checkpoints/model_epoch_001250.pt
0,1250,-1189,1.0,0.02483499272849312,0.02483499272849312,1,resid_mid,32.87187301955566,,,epoch_1250,/scratch/f006j44/erank/erank-interp/outputs/modadd_periodic_checkpoints/seed_0/checkpoints/model_epoch_001250.pt
0,1250,-1189,1.0,0.02483499272849312,0.02483499272849312,1,resid_post,74.68812524608036,,,epoch_1250,/scratch/f006j44/erank/erank-interp/outputs/modadd_periodic_checkpoints/seed_0/checkpoints/model_epoch_001250.pt
0,1500,-939,1.0,0.03736435842935451,0.03736435842935451,0,resid_pre,1.0000000000001457,13.73335222836128,-1.0865155765945822,epoch_1500,/scratch/f006j44/erank/erank-interp/outputs/modadd_periodic_checkpoints/seed_0/checkpoints/model_epoch_001500.pt
0,1500,-939,1.0,0.03736435842935451,0.03736435842935451,0,resid_mid,14.733352228361426,,,epoch_1500,/scratch/f006j44/erank/erank-interp/outputs/modadd_periodic_checkpoints/seed_0/checkpoints/model_epoch_001500.pt
0,1500,-939,1.0,0.03736435842935451,0.03736435842935451,0,resid_post,13.646836651766844,,,epoch_1500,/scratch/f006j44/erank/erank-interp/outputs/modadd_periodic_checkpoints/seed_0/checkpoints/model_epoch_001500.pt
0,1500,-939,1.0,0.03736435842935451,0.03736435842935451,1,resid_pre,13.646836651766844,18.37612110308032,39.087034652812385,epoch_1500,/scratch/f006j44/erank/erank-interp/outputs/modadd_periodic_checkpoints/seed_0/checkpoints/model_epoch_001500.pt
0,1500,-939,1.0,0.03736435842935451,0.03736435842935451,1,resid_mid,32.02295775484716,,,epoch_1500,/scratch/f006j44/erank/erank-interp/outputs/modadd_periodic_checkpoints/seed_0/checkpoints/model_epoch_001500.pt
0,1500,-939,1.0,0.03736435842935451,0.03736435842935451,1,resid_post,71.10999240765955,,,epoch_1500,/scratch/f006j44/erank/erank-interp/outputs/modadd_periodic_checkpoints/seed_0/checkpoints/model_epoch_001500.pt
0,1638,-801,1.0,0.05112428683297908,0.05112428683297908,0,resid_pre,1.0000000000001459,13.633743476857521,-1.043208817727459,epoch_1638,/scratch/f006j44/erank/erank-interp/outputs/modadd_periodic_checkpoints/seed_0/checkpoints/model_epoch_001638.pt
0,1638,-801,1.0,0.05112428683297908,0.05112428683297908,0,resid_mid,14.633743476857667,,,epoch_1638,/scratch/f006j44/erank/erank-interp/outputs/modadd_periodic_checkpoints/seed_0/checkpoints/model_epoch_001638.pt
0,1638,-801,1.0,0.05112428683297908,0.05112428683297908,0,resid_post,13.590534659130208,,,epoch_1638,/scratch/f006j44/erank/erank-interp/outputs/modadd_periodic_checkpoints/seed_0/checkpoints/model_epoch_001638.pt
0,1638,-801,1.0,0.05112428683297908,0.05112428683297908,1,resid_pre,13.590534659130208,17.888109385155303,36.87541364413261,epoch_1638,/scratch/f006j44/erank/erank-interp/outputs/modadd_periodic_checkpoints/seed_0/checkpoints/model_epoch_001638.pt
0,1638,-801,1.0,0.05112428683297908,0.05112428683297908,1,resid_mid,31.478644044285513,,,epoch_1638,/scratch/f006j44/erank/erank-interp/outputs/modadd_periodic_checkpoints/seed_0/checkpoints/model_epoch_001638.pt
0,1638,-801,1.0,0.05112428683297908,0.05112428683297908,1,resid_post,68.35405768841812,,,epoch_1638,/scratch/f006j44/erank/erank-interp/outputs/modadd_periodic_checkpoints/seed_0/checkpoints/model_epoch_001638.pt
0,1750,-689,1.0,0.08479695715404408,0.08479695715404408,0,resid_pre,1.0000000000001594,13.644137278215947,-1.0314732518677125,epoch_1750,/scratch/f006j44/erank/erank-interp/outputs/modadd_periodic_checkpoints/seed_0/checkpoints/model_epoch_001750.pt
0,1750,-689,1.0,0.08479695715404408,0.08479695715404408,0,resid_mid,14.644137278216107,,,epoch_1750,/scratch/f006j44/erank/erank-interp/outputs/modadd_periodic_checkpoints/seed_0/checkpoints/model_epoch_001750.pt
0,1750,-689,1.0,0.08479695715404408,0.08479695715404408,0,resid_post,13.612664026348394,,,epoch_1750,/scratch/f006j44/erank/erank-interp/outputs/modadd_periodic_checkpoints/seed_0/checkpoints/model_epoch_001750.pt
0,1750,-689,1.0,0.08479695715404408,0.08479695715404408,1,resid_pre,13.612664026348394,17.735811368568285,36.481279491356574,epoch_1750,/scratch/f006j44/erank/erank-interp/outputs/modadd_periodic_checkpoints/seed_0/checkpoints/model_epoch_001750.pt
0,1750,-689,1.0,0.08479695715404408,0.08479695715404408,1,resid_mid,31.34847539491668,,,epoch_1750,/scratch/f006j44/erank/erank-interp/outputs/modadd_periodic_checkpoints/seed_0/checkpoints/model_epoch_001750.pt
0,1750,-689,1.0,0.08479695715404408,0.08479695715404408,1,resid_post,67.82975488627325,,,epoch_1750,/scratch/f006j44/erank/erank-interp/outputs/modadd_periodic_checkpoints/seed_0/checkpoints/model_epoch_001750.pt
0,1773,-666,0.8036553524804178,0.10124174963642465,0.10124174963642465,0,resid_pre,1.0000000000001668,13.696623577224939,-0.9057868820886092,epoch_1773,/scratch/f006j44/erank/erank-interp/outputs/modadd_periodic_checkpoints/seed_0/checkpoints/model_epoch_001773.pt
0,1773,-666,0.8036553524804178,0.10124174963642465,0.10124174963642465,0,resid_mid,14.696623577225106,,,epoch_1773,/scratch/f006j44/erank/erank-interp/outputs/modadd_periodic_checkpoints/seed_0/checkpoints/model_epoch_001773.pt
0,1773,-666,0.8036553524804178,0.10124174963642465,0.10124174963642465,0,resid_post,13.790836695136496,,,epoch_1773,/scratch/f006j44/erank/erank-interp/outputs/modadd_periodic_checkpoints/seed_0/checkpoints/model_epoch_001773.pt
0,1773,-666,0.8036553524804178,0.10124174963642465,0.10124174963642465,1,resid_pre,13.790836695136496,17.843033910768,38.54900575951825,epoch_1773,/scratch/f006j44/erank/erank-interp/outputs/modadd_periodic_checkpoints/seed_0/checkpoints/model_epoch_001773.pt
0,1773,-666,0.8036553524804178,0.10124174963642465,0.10124174963642465,1,resid_mid,31.633870605904495,,,epoch_1773,/scratch/f006j44/erank/erank-interp/outputs/modadd_periodic_checkpoints/seed_0/checkpoints/model_epoch_001773.pt
0,1773,-666,0.8036553524804178,0.10124174963642465,0.10124174963642465,1,resid_post,70.18287636542274,,,epoch_1773,/scratch/f006j44/erank/erank-interp/outputs/modadd_periodic_checkpoints/seed_0/checkpoints/model_epoch_001773.pt
0,2000,-439,1.0,0.23268822015885446,0.23268822015885446,0,resid_pre,1.000000000000192,13.48114228548917,-1.100097081374484,epoch_2000,/scratch/f006j44/erank/erank-interp/outputs/modadd_periodic_checkpoints/seed_0/checkpoints/model_epoch_002000.pt
0,2000,-439,1.0,0.23268822015885446,0.23268822015885446,0,resid_mid,14.481142285489362,,,epoch_2000,/scratch/f006j44/erank/erank-interp/outputs/modadd_periodic_checkpoints/seed_0/checkpoints/model_epoch_002000.pt
0,2000,-439,1.0,0.23268822015885446,0.23268822015885446,0,resid_post,13.381045204114878,,,epoch_2000,/scratch/f006j44/erank/erank-interp/outputs/modadd_periodic_checkpoints/seed_0/checkpoints/model_epoch_002000.pt
0,2000,-439,1.0,0.23268822015885446,0.23268822015885446,1,resid_pre,13.381045204114878,15.979416342458839,30.016945609000622,epoch_2000,/scratch/f006j44/erank/erank-interp/outputs/modadd_periodic_checkpoints/seed_0/checkpoints/model_epoch_002000.pt
0,2000,-439,1.0,0.23268822015885446,0.23268822015885446,1,resid_mid,29.360461546573717,,,epoch_2000,/scratch/f006j44/erank/erank-interp/outputs/modadd_periodic_checkpoints/seed_0/checkpoints/model_epoch_002000.pt
0,2000,-439,1.0,0.23268822015885446,0.23268822015885446,1,resid_post,59.37740715557434,,,epoch_2000,/scratch/f006j44/erank/erank-interp/outputs/modadd_periodic_checkpoints/seed_0/checkpoints/model_epoch_002000.pt
0,2027,-412,0.9934725848563969,0.2545027407987471,0.2545027407987471,0,resid_pre,1.000000000000162,13.55774965441394,-0.8107313113599126,epoch_2027,/scratch/f006j44/erank/erank-interp/outputs/modadd_periodic_checkpoints/seed_0/checkpoints/model_epoch_002027.pt
0,2027,-412,0.9934725848563969,0.2545027407987471,0.2545027407987471,0,resid_mid,14.557749654414101,,,epoch_2027,/scratch/f006j44/erank/erank-interp/outputs/modadd_periodic_checkpoints/seed_0/checkpoints/model_epoch_002027.pt
0,2027,-412,0.9934725848563969,0.2545027407987471,0.2545027407987471,0,resid_post,13.747018343054188,,,epoch_2027,/scratch/f006j44/erank/erank-interp/outputs/modadd_periodic_checkpoints/seed_0/checkpoints/model_epoch_002027.pt
0,2027,-412,0.9934725848563969,0.2545027407987471,0.2545027407987471,1,resid_pre,13.747018343054188,16.938473915380364,33.95335706802682,epoch_2027,/scratch/f006j44/erank/erank-interp/outputs/modadd_periodic_checkpoints/seed_0/checkpoints/model_epoch_002027.pt
0,2027,-412,0.9934725848563969,0.2545027407987471,0.2545027407987471,1,resid_mid,30.68549225843455,,,epoch_2027,/scratch/f006j44/erank/erank-interp/outputs/modadd_periodic_checkpoints/seed_0/checkpoints/model_epoch_002027.pt
0,2027,-412,0.9934725848563969,0.2545027407987471,0.2545027407987471,1,resid_post,64.63884932646137,,,epoch_2027,/scratch/f006j44/erank/erank-interp/outputs/modadd_periodic_checkpoints/seed_0/checkpoints/model_epoch_002027.pt
0,2250,-189,1.0,0.4046313905358541,0.4046313905358541,0,resid_pre,1.0000000000001656,13.259753649719478,-1.270917225694129,epoch_2250,/scratch/f006j44/erank/erank-interp/outputs/modadd_periodic_checkpoints/seed_0/checkpoints/model_epoch_002250.pt
0,2250,-189,1.0,0.4046313905358541,0.4046313905358541,0,resid_mid,14.259753649719643,,,epoch_2250,/scratch/f006j44/erank/erank-interp/outputs/modadd_periodic_checkpoints/seed_0/checkpoints/model_epoch_002250.pt
0,2250,-189,1.0,0.4046313905358541,0.4046313905358541,0,resid_post,12.988836424025514,,,epoch_2250,/scratch/f006j44/erank/erank-interp/outputs/modadd_periodic_checkpoints/seed_0/checkpoints/model_epoch_002250.pt
0,2250,-189,1.0,0.4046313905358541,0.4046313905358541,1,resid_pre,12.988836424025514,13.570346298116412,24.788024805579447,epoch_2250,/scratch/f006j44/erank/erank-interp/outputs/modadd_periodic_checkpoints/seed_0/checkpoints/model_epoch_002250.pt
0,2250,-189,1.0,0.4046313905358541,0.4046313905358541,1,resid_mid,26.559182722141927,,,epoch_2250,/scratch/f006j44/erank/erank-interp/outputs/modadd_periodic_checkpoints/seed_0/checkpoints/model_epoch_002250.pt
0,2250,-189,1.0,0.4046313905358541,0.4046313905358541,1,resid_post,51.34720752772137,,,epoch_2250,/scratch/f006j44/erank/erank-interp/outputs/modadd_periodic_checkpoints/seed_0/checkpoints/model_epoch_002250.pt
0,2326,-113,1.0,0.5002796733415371,0.5002796733415371,0,resid_pre,1.0000000000001243,13.083837677306795,-1.596097569108398,epoch_2326,/scratch/f006j44/erank/erank-interp/outputs/modadd_periodic_checkpoints/seed_0/checkpoints/model_epoch_002326.pt
0,2326,-113,1.0,0.5002796733415371,0.5002796733415371,0,resid_mid,14.083837677306919,,,epoch_2326,/scratch/f006j44/erank/erank-interp/outputs/modadd_periodic_checkpoints/seed_0/checkpoints/model_epoch_002326.pt
0,2326,-113,1.0,0.5002796733415371,0.5002796733415371,0,resid_post,12.48774010819852,,,epoch_2326,/scratch/f006j44/erank/erank-interp/outputs/modadd_periodic_checkpoints/seed_0/checkpoints/model_epoch_002326.pt
0,2326,-113,1.0,0.5002796733415371,0.5002796733415371,1,resid_pre,12.48774010819852,11.953756948173202,20.62139951792647,epoch_2326,/scratch/f006j44/erank/erank-interp/outputs/modadd_periodic_checkpoints/seed_0/checkpoints/model_epoch_002326.pt
0,2326,-113,1.0,0.5002796733415371,0.5002796733415371,1,resid_mid,24.441497056371723,,,epoch_2326,/scratch/f006j44/erank/erank-interp/outputs/modadd_periodic_checkpoints/seed_0/checkpoints/model_epoch_002326.pt
0,2326,-113,1.0,0.5002796733415371,0.5002796733415371,1,resid_post,45.06289657429819,,,epoch_2326,/scratch/f006j44/erank/erank-interp/outputs/modadd_periodic_checkpoints/seed_0/checkpoints/model_epoch_002326.pt
0,2377,-62,1.0,0.7519856807249133,0.7519856807249133,0,resid_pre,1.000000000000159,13.072200826480682,-1.2642273913094488,epoch_2377,/scratch/f006j44/erank/erank-interp/outputs/modadd_periodic_checkpoints/seed_0/checkpoints/model_epoch_002377.pt
0,2377,-62,1.0,0.7519856807249133,0.7519856807249133,0,resid_mid,14.07220082648084,,,epoch_2377,/scratch/f006j44/erank/erank-interp/outputs/modadd_periodic_checkpoints/seed_0/checkpoints/model_epoch_002377.pt
0,2377,-62,1.0,0.7519856807249133,0.7519856807249133,0,resid_post,12.807973435171391,,,epoch_2377,/scratch/f006j44/erank/erank-interp/outputs/modadd_periodic_checkpoints/seed_0/checkpoints/model_epoch_002377.pt
0,2377,-62,1.0,0.7519856807249133,0.7519856807249133,1,resid_pre,12.807973435171391,12.252414826019223,21.89074136086027,epoch_2377,/scratch/f006j44/erank/erank-interp/outputs/modadd_periodic_checkpoints/seed_0/checkpoints/model_epoch_002377.pt
0,2377,-62,1.0,0.7519856807249133,0.7519856807249133,1,resid_mid,25.060388261190614,,,epoch_2377,/scratch/f006j44/erank/erank-interp/outputs/modadd_periodic_checkpoints/seed_0/checkpoints/model_epoch_002377.pt
0,2377,-62,1.0,0.7519856807249133,0.7519856807249133,1,resid_post,46.951129622050885,,,epoch_2377,/scratch/f006j44/erank/erank-interp/outputs/modadd_periodic_checkpoints/seed_0/checkpoints/model_epoch_002377.pt
0,2439,0,1.0,0.9515605772457769,0.9515605772457769,0,resid_pre,1.0000000000001517,12.178422807515465,-2.223198249049817,epoch_2439,/scratch/f006j44/erank/erank-interp/outputs/modadd_periodic_checkpoints/seed_0/checkpoints/model_epoch_002439.pt
0,2439,0,1.0,0.9515605772457769,0.9515605772457769,0,resid_mid,13.178422807515616,,,epoch_2439,/scratch/f006j44/erank/erank-interp/outputs/modadd_periodic_checkpoints/seed_0/checkpoints/model_epoch_002439.pt
0,2439,0,1.0,0.9515605772457769,0.9515605772457769,0,resid_post,10.9552245584658,,,epoch_2439,/scratch/f006j44/erank/erank-interp/outputs/modadd_periodic_checkpoints/seed_0/checkpoints/model_epoch_002439.pt
0,2439,0,1.0,0.9515605772457769,0.9515605772457769,1,resid_pre,10.9552245584658,8.29467689443751,15.40663847018255,epoch_2439,/scratch/f006j44/erank/erank-interp/outputs/modadd_periodic_checkpoints/seed_0/checkpoints/model_epoch_002439.pt
0,2439,0,1.0,0.9515605772457769,0.9515605772457769,1,resid_mid,19.24990145290331,,,epoch_2439,/scratch/f006j44/erank/erank-interp/outputs/modadd_periodic_checkpoints/seed_0/checkpoints/model_epoch_002439.pt
0,2439,0,1.0,0.9515605772457769,0.9515605772457769,1,resid_post,34.65653992308586,,,epoch_2439,/scratch/f006j44/erank/erank-interp/outputs/modadd_periodic_checkpoints/seed_0/checkpoints/model_epoch_002439.pt
0,2500,61,1.0,0.9881418503188276,0.9881418503188276,0,resid_pre,1.0000000000000977,10.736903662998193,-2.62869494772567,epoch_2500,/scratch/f006j44/erank/erank-interp/outputs/modadd_periodic_checkpoints/seed_0/checkpoints/model_epoch_002500.pt
0,2500,61,1.0,0.9881418503188276,0.9881418503188276,0,resid_mid,11.73690366299829,,,epoch_2500,/scratch/f006j44/erank/erank-interp/outputs/modadd_periodic_checkpoints/seed_0/checkpoints/model_epoch_002500.pt
0,2500,61,1.0,0.9881418503188276,0.9881418503188276,0,resid_post,9.108208715272621,,,epoch_2500,/scratch/f006j44/erank/erank-interp/outputs/modadd_periodic_checkpoints/seed_0/checkpoints/model_epoch_002500.pt
0,2500,61,1.0,0.9881418503188276,0.9881418503188276,1,resid_pre,9.108208715272621,6.352778138080117,12.426096623484677,epoch_2500,/scratch/f006j44/erank/erank-interp/outputs/modadd_periodic_checkpoints/seed_0/checkpoints/model_epoch_002500.pt
0,2500,61,1.0,0.9881418503188276,0.9881418503188276,1,resid_mid,15.460986853352738,,,epoch_2500,/scratch/f006j44/erank/erank-interp/outputs/modadd_periodic_checkpoints/seed_0/checkpoints/model_epoch_002500.pt
0,2500,61,1.0,0.9881418503188276,0.9881418503188276,1,resid_post,27.887083476837415,,,epoch_2500,/scratch/f006j44/erank/erank-interp/outputs/modadd_periodic_checkpoints/seed_0/checkpoints/model_epoch_002500.pt
0,2750,311,1.0,1.0,1.0,0,resid_pre,1.0000000000001659,7.64328214597644,-1.468217218831466,epoch_2750,/scratch/f006j44/erank/erank-interp/outputs/modadd_periodic_checkpoints/seed_0/checkpoints/model_epoch_002750.pt
0,2750,311,1.0,1.0,1.0,0,resid_mid,8.643282145976606,,,epoch_2750,/scratch/f006j44/erank/erank-interp/outputs/modadd_periodic_checkpoints/seed_0/checkpoints/model_epoch_002750.pt
0,2750,311,1.0,1.0,1.0,0,resid_post,7.17506492714514,,,epoch_2750,/scratch/f006j44/erank/erank-interp/outputs/modadd_periodic_checkpoints/seed_0/checkpoints/model_epoch_002750.pt
0,2750,311,1.0,1.0,1.0,1,resid_pre,7.17506492714514,5.96838698637233,9.576139185371947,epoch_2750,/scratch/f006j44/erank/erank-interp/outputs/modadd_periodic_checkpoints/seed_0/checkpoints/model_epoch_002750.pt
0,2750,311,1.0,1.0,1.0,1,resid_mid,13.14345191351747,,,epoch_2750,/scratch/f006j44/erank/erank-interp/outputs/modadd_periodic_checkpoints/seed_0/checkpoints/model_epoch_002750.pt
0,2750,311,1.0,1.0,1.0,1,resid_post,22.719591098889417,,,epoch_2750,/scratch/f006j44/erank/erank-interp/outputs/modadd_periodic_checkpoints/seed_0/checkpoints/model_epoch_002750.pt
0,2974,535,1.0,1.0,1.0,0,resid_pre,1.0000000000001352,7.141035561850369,-1.3255921846100938,epoch_2974,/scratch/f006j44/erank/erank-interp/outputs/modadd_periodic_checkpoints/seed_0/checkpoints/model_epoch_002974.pt
0,2974,535,1.0,1.0,1.0,0,resid_mid,8.141035561850504,,,epoch_2974,/scratch/f006j44/erank/erank-interp/outputs/modadd_periodic_checkpoints/seed_0/checkpoints/model_epoch_002974.pt
0,2974,535,1.0,1.0,1.0,0,resid_post,6.815443377240411,,,epoch_2974,/scratch/f006j44/erank/erank-interp/outputs/modadd_periodic_checkpoints/seed_0/checkpoints/model_epoch_002974.pt
0,2974,535,1.0,1.0,1.0,1,resid_pre,6.815443377240411,5.998767147399518,7.896349194404156,epoch_2974,/scratch/f006j44/erank/erank-interp/outputs/modadd_periodic_checkpoints/seed_0/checkpoints/model_epoch_002974.pt
0,2974,535,1.0,1.0,1.0,1,resid_mid,12.814210524639929,,,epoch_2974,/scratch/f006j44/erank/erank-interp/outputs/modadd_periodic_checkpoints/seed_0/checkpoints/model_epoch_002974.pt
0,2974,535,1.0,1.0,1.0,1,resid_post,20.710559719044085,,,epoch_2974,/scratch/f006j44/erank/erank-interp/outputs/modadd_periodic_checkpoints/seed_0/checkpoints/model_epoch_002974.pt
