kind,epoch,path,extra
random_init,0,/jumbo/lisp/f006j44/erank/erank-interp/outputs/modadd_arch_matrix_7gpu/modadd_4layer_route_then_process_AAMM/random_init_checkpoint.pt,{}
event_train_acc_99,200,/jumbo/lisp/f006j44/erank/erank-interp/outputs/modadd_arch_matrix_7gpu/modadd_4layer_route_then_process_AAMM/checkpoints/event_train_acc_99_ep200.pt,{}
periodic,500,/jumbo/lisp/f006j44/erank/erank-interp/outputs/modadd_arch_matrix_7gpu/modadd_4layer_route_then_process_AAMM/checkpoints/periodic_ep500.pt,{}
periodic,1000,/jumbo/lisp/f006j44/erank/erank-interp/outputs/modadd_arch_matrix_7gpu/modadd_4layer_route_then_process_AAMM/checkpoints/periodic_ep1000.pt,{}
periodic,1500,/jumbo/lisp/f006j44/erank/erank-interp/outputs/modadd_arch_matrix_7gpu/modadd_4layer_route_then_process_AAMM/checkpoints/periodic_ep1500.pt,{}
periodic,2000,/jumbo/lisp/f006j44/erank/erank-interp/outputs/modadd_arch_matrix_7gpu/modadd_4layer_route_then_process_AAMM/checkpoints/periodic_ep2000.pt,{}
periodic,2500,/jumbo/lisp/f006j44/erank/erank-interp/outputs/modadd_arch_matrix_7gpu/modadd_4layer_route_then_process_AAMM/checkpoints/periodic_ep2500.pt,{}
periodic,3000,/jumbo/lisp/f006j44/erank/erank-interp/outputs/modadd_arch_matrix_7gpu/modadd_4layer_route_then_process_AAMM/checkpoints/periodic_ep3000.pt,{}
periodic,3500,/jumbo/lisp/f006j44/erank/erank-interp/outputs/modadd_arch_matrix_7gpu/modadd_4layer_route_then_process_AAMM/checkpoints/periodic_ep3500.pt,{}
periodic,4000,/jumbo/lisp/f006j44/erank/erank-interp/outputs/modadd_arch_matrix_7gpu/modadd_4layer_route_then_process_AAMM/checkpoints/periodic_ep4000.pt,{}
event_val_acc_05,4250,/jumbo/lisp/f006j44/erank/erank-interp/outputs/modadd_arch_matrix_7gpu/modadd_4layer_route_then_process_AAMM/checkpoints/event_val_acc_05_ep4250.pt,{}
periodic,4500,/jumbo/lisp/f006j44/erank/erank-interp/outputs/modadd_arch_matrix_7gpu/modadd_4layer_route_then_process_AAMM/checkpoints/periodic_ep4500.pt,{}
periodic,5000,/jumbo/lisp/f006j44/erank/erank-interp/outputs/modadd_arch_matrix_7gpu/modadd_4layer_route_then_process_AAMM/checkpoints/periodic_ep5000.pt,{}
periodic,5500,/jumbo/lisp/f006j44/erank/erank-interp/outputs/modadd_arch_matrix_7gpu/modadd_4layer_route_then_process_AAMM/checkpoints/periodic_ep5500.pt,{}
event_val_acc_25,5525,/jumbo/lisp/f006j44/erank/erank-interp/outputs/modadd_arch_matrix_7gpu/modadd_4layer_route_then_process_AAMM/checkpoints/event_val_acc_25_ep5525.pt,{}
event_val_acc_50,5875,/jumbo/lisp/f006j44/erank/erank-interp/outputs/modadd_arch_matrix_7gpu/modadd_4layer_route_then_process_AAMM/checkpoints/event_val_acc_50_ep5875.pt,{}
periodic,6000,/jumbo/lisp/f006j44/erank/erank-interp/outputs/modadd_arch_matrix_7gpu/modadd_4layer_route_then_process_AAMM/checkpoints/periodic_ep6000.pt,{}
event_val_acc_75,6050,/jumbo/lisp/f006j44/erank/erank-interp/outputs/modadd_arch_matrix_7gpu/modadd_4layer_route_then_process_AAMM/checkpoints/event_val_acc_75_ep6050.pt,{}
event_val_acc_95,6325,/jumbo/lisp/f006j44/erank/erank-interp/outputs/modadd_arch_matrix_7gpu/modadd_4layer_route_then_process_AAMM/checkpoints/event_val_acc_95_ep6325.pt,{}
periodic,6500,/jumbo/lisp/f006j44/erank/erank-interp/outputs/modadd_arch_matrix_7gpu/modadd_4layer_route_then_process_AAMM/checkpoints/periodic_ep6500.pt,{}
periodic,7000,/jumbo/lisp/f006j44/erank/erank-interp/outputs/modadd_arch_matrix_7gpu/modadd_4layer_route_then_process_AAMM/checkpoints/periodic_ep7000.pt,{}
periodic,7500,/jumbo/lisp/f006j44/erank/erank-interp/outputs/modadd_arch_matrix_7gpu/modadd_4layer_route_then_process_AAMM/checkpoints/periodic_ep7500.pt,{}
periodic,8000,/jumbo/lisp/f006j44/erank/erank-interp/outputs/modadd_arch_matrix_7gpu/modadd_4layer_route_then_process_AAMM/checkpoints/periodic_ep8000.pt,{}
periodic,8500,/jumbo/lisp/f006j44/erank/erank-interp/outputs/modadd_arch_matrix_7gpu/modadd_4layer_route_then_process_AAMM/checkpoints/periodic_ep8500.pt,{}
periodic,9000,/jumbo/lisp/f006j44/erank/erank-interp/outputs/modadd_arch_matrix_7gpu/modadd_4layer_route_then_process_AAMM/checkpoints/periodic_ep9000.pt,{}
periodic,9500,/jumbo/lisp/f006j44/erank/erank-interp/outputs/modadd_arch_matrix_7gpu/modadd_4layer_route_then_process_AAMM/checkpoints/periodic_ep9500.pt,{}
periodic,10000,/jumbo/lisp/f006j44/erank/erank-interp/outputs/modadd_arch_matrix_7gpu/modadd_4layer_route_then_process_AAMM/checkpoints/periodic_ep10000.pt,{}
periodic,10500,/jumbo/lisp/f006j44/erank/erank-interp/outputs/modadd_arch_matrix_7gpu/modadd_4layer_route_then_process_AAMM/checkpoints/periodic_ep10500.pt,{}
periodic,11000,/jumbo/lisp/f006j44/erank/erank-interp/outputs/modadd_arch_matrix_7gpu/modadd_4layer_route_then_process_AAMM/checkpoints/periodic_ep11000.pt,{}
periodic,11500,/jumbo/lisp/f006j44/erank/erank-interp/outputs/modadd_arch_matrix_7gpu/modadd_4layer_route_then_process_AAMM/checkpoints/periodic_ep11500.pt,{}
periodic,12000,/jumbo/lisp/f006j44/erank/erank-interp/outputs/modadd_arch_matrix_7gpu/modadd_4layer_route_then_process_AAMM/checkpoints/periodic_ep12000.pt,{}
periodic,12500,/jumbo/lisp/f006j44/erank/erank-interp/outputs/modadd_arch_matrix_7gpu/modadd_4layer_route_then_process_AAMM/checkpoints/periodic_ep12500.pt,{}
periodic,13000,/jumbo/lisp/f006j44/erank/erank-interp/outputs/modadd_arch_matrix_7gpu/modadd_4layer_route_then_process_AAMM/checkpoints/periodic_ep13000.pt,{}
periodic,13500,/jumbo/lisp/f006j44/erank/erank-interp/outputs/modadd_arch_matrix_7gpu/modadd_4layer_route_then_process_AAMM/checkpoints/periodic_ep13500.pt,{}
periodic,14000,/jumbo/lisp/f006j44/erank/erank-interp/outputs/modadd_arch_matrix_7gpu/modadd_4layer_route_then_process_AAMM/checkpoints/periodic_ep14000.pt,{}
periodic,14500,/jumbo/lisp/f006j44/erank/erank-interp/outputs/modadd_arch_matrix_7gpu/modadd_4layer_route_then_process_AAMM/checkpoints/periodic_ep14500.pt,{}
periodic,15000,/jumbo/lisp/f006j44/erank/erank-interp/outputs/modadd_arch_matrix_7gpu/modadd_4layer_route_then_process_AAMM/checkpoints/periodic_ep15000.pt,{}
periodic,15500,/jumbo/lisp/f006j44/erank/erank-interp/outputs/modadd_arch_matrix_7gpu/modadd_4layer_route_then_process_AAMM/checkpoints/periodic_ep15500.pt,{}
periodic,16000,/jumbo/lisp/f006j44/erank/erank-interp/outputs/modadd_arch_matrix_7gpu/modadd_4layer_route_then_process_AAMM/checkpoints/periodic_ep16000.pt,{}
periodic,16500,/jumbo/lisp/f006j44/erank/erank-interp/outputs/modadd_arch_matrix_7gpu/modadd_4layer_route_then_process_AAMM/checkpoints/periodic_ep16500.pt,{}
periodic,17000,/jumbo/lisp/f006j44/erank/erank-interp/outputs/modadd_arch_matrix_7gpu/modadd_4layer_route_then_process_AAMM/checkpoints/periodic_ep17000.pt,{}
periodic,17500,/jumbo/lisp/f006j44/erank/erank-interp/outputs/modadd_arch_matrix_7gpu/modadd_4layer_route_then_process_AAMM/checkpoints/periodic_ep17500.pt,{}
periodic,18000,/jumbo/lisp/f006j44/erank/erank-interp/outputs/modadd_arch_matrix_7gpu/modadd_4layer_route_then_process_AAMM/checkpoints/periodic_ep18000.pt,{}
periodic,18500,/jumbo/lisp/f006j44/erank/erank-interp/outputs/modadd_arch_matrix_7gpu/modadd_4layer_route_then_process_AAMM/checkpoints/periodic_ep18500.pt,{}
periodic,19000,/jumbo/lisp/f006j44/erank/erank-interp/outputs/modadd_arch_matrix_7gpu/modadd_4layer_route_then_process_AAMM/checkpoints/periodic_ep19000.pt,{}
periodic,19500,/jumbo/lisp/f006j44/erank/erank-interp/outputs/modadd_arch_matrix_7gpu/modadd_4layer_route_then_process_AAMM/checkpoints/periodic_ep19500.pt,{}
periodic,20000,/jumbo/lisp/f006j44/erank/erank-interp/outputs/modadd_arch_matrix_7gpu/modadd_4layer_route_then_process_AAMM/checkpoints/periodic_ep20000.pt,{}
periodic,20500,/jumbo/lisp/f006j44/erank/erank-interp/outputs/modadd_arch_matrix_7gpu/modadd_4layer_route_then_process_AAMM/checkpoints/periodic_ep20500.pt,{}
periodic,21000,/jumbo/lisp/f006j44/erank/erank-interp/outputs/modadd_arch_matrix_7gpu/modadd_4layer_route_then_process_AAMM/checkpoints/periodic_ep21000.pt,{}
periodic,21500,/jumbo/lisp/f006j44/erank/erank-interp/outputs/modadd_arch_matrix_7gpu/modadd_4layer_route_then_process_AAMM/checkpoints/periodic_ep21500.pt,{}
periodic,22000,/jumbo/lisp/f006j44/erank/erank-interp/outputs/modadd_arch_matrix_7gpu/modadd_4layer_route_then_process_AAMM/checkpoints/periodic_ep22000.pt,{}
periodic,22500,/jumbo/lisp/f006j44/erank/erank-interp/outputs/modadd_arch_matrix_7gpu/modadd_4layer_route_then_process_AAMM/checkpoints/periodic_ep22500.pt,{}
periodic,23000,/jumbo/lisp/f006j44/erank/erank-interp/outputs/modadd_arch_matrix_7gpu/modadd_4layer_route_then_process_AAMM/checkpoints/periodic_ep23000.pt,{}
periodic,23500,/jumbo/lisp/f006j44/erank/erank-interp/outputs/modadd_arch_matrix_7gpu/modadd_4layer_route_then_process_AAMM/checkpoints/periodic_ep23500.pt,{}
periodic,24000,/jumbo/lisp/f006j44/erank/erank-interp/outputs/modadd_arch_matrix_7gpu/modadd_4layer_route_then_process_AAMM/checkpoints/periodic_ep24000.pt,{}
periodic,24500,/jumbo/lisp/f006j44/erank/erank-interp/outputs/modadd_arch_matrix_7gpu/modadd_4layer_route_then_process_AAMM/checkpoints/periodic_ep24500.pt,{}
periodic,25000,/jumbo/lisp/f006j44/erank/erank-interp/outputs/modadd_arch_matrix_7gpu/modadd_4layer_route_then_process_AAMM/checkpoints/periodic_ep25000.pt,{}
periodic,25500,/jumbo/lisp/f006j44/erank/erank-interp/outputs/modadd_arch_matrix_7gpu/modadd_4layer_route_then_process_AAMM/checkpoints/periodic_ep25500.pt,{}
periodic,26000,/jumbo/lisp/f006j44/erank/erank-interp/outputs/modadd_arch_matrix_7gpu/modadd_4layer_route_then_process_AAMM/checkpoints/periodic_ep26000.pt,{}
periodic,26500,/jumbo/lisp/f006j44/erank/erank-interp/outputs/modadd_arch_matrix_7gpu/modadd_4layer_route_then_process_AAMM/checkpoints/periodic_ep26500.pt,{}
periodic,27000,/jumbo/lisp/f006j44/erank/erank-interp/outputs/modadd_arch_matrix_7gpu/modadd_4layer_route_then_process_AAMM/checkpoints/periodic_ep27000.pt,{}
periodic,27500,/jumbo/lisp/f006j44/erank/erank-interp/outputs/modadd_arch_matrix_7gpu/modadd_4layer_route_then_process_AAMM/checkpoints/periodic_ep27500.pt,{}
periodic,28000,/jumbo/lisp/f006j44/erank/erank-interp/outputs/modadd_arch_matrix_7gpu/modadd_4layer_route_then_process_AAMM/checkpoints/periodic_ep28000.pt,{}
periodic,28500,/jumbo/lisp/f006j44/erank/erank-interp/outputs/modadd_arch_matrix_7gpu/modadd_4layer_route_then_process_AAMM/checkpoints/periodic_ep28500.pt,{}
periodic,29000,/jumbo/lisp/f006j44/erank/erank-interp/outputs/modadd_arch_matrix_7gpu/modadd_4layer_route_then_process_AAMM/checkpoints/periodic_ep29000.pt,{}
periodic,29500,/jumbo/lisp/f006j44/erank/erank-interp/outputs/modadd_arch_matrix_7gpu/modadd_4layer_route_then_process_AAMM/checkpoints/periodic_ep29500.pt,{}
periodic,30000,/jumbo/lisp/f006j44/erank/erank-interp/outputs/modadd_arch_matrix_7gpu/modadd_4layer_route_then_process_AAMM/checkpoints/periodic_ep30000.pt,{}
periodic,30500,/jumbo/lisp/f006j44/erank/erank-interp/outputs/modadd_arch_matrix_7gpu/modadd_4layer_route_then_process_AAMM/checkpoints/periodic_ep30500.pt,{}
periodic,31000,/jumbo/lisp/f006j44/erank/erank-interp/outputs/modadd_arch_matrix_7gpu/modadd_4layer_route_then_process_AAMM/checkpoints/periodic_ep31000.pt,{}
periodic,31500,/jumbo/lisp/f006j44/erank/erank-interp/outputs/modadd_arch_matrix_7gpu/modadd_4layer_route_then_process_AAMM/checkpoints/periodic_ep31500.pt,{}
periodic,32000,/jumbo/lisp/f006j44/erank/erank-interp/outputs/modadd_arch_matrix_7gpu/modadd_4layer_route_then_process_AAMM/checkpoints/periodic_ep32000.pt,{}
periodic,32500,/jumbo/lisp/f006j44/erank/erank-interp/outputs/modadd_arch_matrix_7gpu/modadd_4layer_route_then_process_AAMM/checkpoints/periodic_ep32500.pt,{}
periodic,33000,/jumbo/lisp/f006j44/erank/erank-interp/outputs/modadd_arch_matrix_7gpu/modadd_4layer_route_then_process_AAMM/checkpoints/periodic_ep33000.pt,{}
periodic,33500,/jumbo/lisp/f006j44/erank/erank-interp/outputs/modadd_arch_matrix_7gpu/modadd_4layer_route_then_process_AAMM/checkpoints/periodic_ep33500.pt,{}
periodic,34000,/jumbo/lisp/f006j44/erank/erank-interp/outputs/modadd_arch_matrix_7gpu/modadd_4layer_route_then_process_AAMM/checkpoints/periodic_ep34000.pt,{}
periodic,34500,/jumbo/lisp/f006j44/erank/erank-interp/outputs/modadd_arch_matrix_7gpu/modadd_4layer_route_then_process_AAMM/checkpoints/periodic_ep34500.pt,{}
periodic,35000,/jumbo/lisp/f006j44/erank/erank-interp/outputs/modadd_arch_matrix_7gpu/modadd_4layer_route_then_process_AAMM/checkpoints/periodic_ep35000.pt,{}
periodic,35500,/jumbo/lisp/f006j44/erank/erank-interp/outputs/modadd_arch_matrix_7gpu/modadd_4layer_route_then_process_AAMM/checkpoints/periodic_ep35500.pt,{}
periodic,36000,/jumbo/lisp/f006j44/erank/erank-interp/outputs/modadd_arch_matrix_7gpu/modadd_4layer_route_then_process_AAMM/checkpoints/periodic_ep36000.pt,{}
periodic,36500,/jumbo/lisp/f006j44/erank/erank-interp/outputs/modadd_arch_matrix_7gpu/modadd_4layer_route_then_process_AAMM/checkpoints/periodic_ep36500.pt,{}
periodic,37000,/jumbo/lisp/f006j44/erank/erank-interp/outputs/modadd_arch_matrix_7gpu/modadd_4layer_route_then_process_AAMM/checkpoints/periodic_ep37000.pt,{}
periodic,37500,/jumbo/lisp/f006j44/erank/erank-interp/outputs/modadd_arch_matrix_7gpu/modadd_4layer_route_then_process_AAMM/checkpoints/periodic_ep37500.pt,{}
periodic,38000,/jumbo/lisp/f006j44/erank/erank-interp/outputs/modadd_arch_matrix_7gpu/modadd_4layer_route_then_process_AAMM/checkpoints/periodic_ep38000.pt,{}
periodic,38500,/jumbo/lisp/f006j44/erank/erank-interp/outputs/modadd_arch_matrix_7gpu/modadd_4layer_route_then_process_AAMM/checkpoints/periodic_ep38500.pt,{}
periodic,39000,/jumbo/lisp/f006j44/erank/erank-interp/outputs/modadd_arch_matrix_7gpu/modadd_4layer_route_then_process_AAMM/checkpoints/periodic_ep39000.pt,{}
periodic,39500,/jumbo/lisp/f006j44/erank/erank-interp/outputs/modadd_arch_matrix_7gpu/modadd_4layer_route_then_process_AAMM/checkpoints/periodic_ep39500.pt,{}
periodic,40000,/jumbo/lisp/f006j44/erank/erank-interp/outputs/modadd_arch_matrix_7gpu/modadd_4layer_route_then_process_AAMM/checkpoints/periodic_ep40000.pt,{}
periodic,40500,/jumbo/lisp/f006j44/erank/erank-interp/outputs/modadd_arch_matrix_7gpu/modadd_4layer_route_then_process_AAMM/checkpoints/periodic_ep40500.pt,{}
periodic,41000,/jumbo/lisp/f006j44/erank/erank-interp/outputs/modadd_arch_matrix_7gpu/modadd_4layer_route_then_process_AAMM/checkpoints/periodic_ep41000.pt,{}
periodic,41500,/jumbo/lisp/f006j44/erank/erank-interp/outputs/modadd_arch_matrix_7gpu/modadd_4layer_route_then_process_AAMM/checkpoints/periodic_ep41500.pt,{}
periodic,42000,/jumbo/lisp/f006j44/erank/erank-interp/outputs/modadd_arch_matrix_7gpu/modadd_4layer_route_then_process_AAMM/checkpoints/periodic_ep42000.pt,{}
periodic,42500,/jumbo/lisp/f006j44/erank/erank-interp/outputs/modadd_arch_matrix_7gpu/modadd_4layer_route_then_process_AAMM/checkpoints/periodic_ep42500.pt,{}
periodic,43000,/jumbo/lisp/f006j44/erank/erank-interp/outputs/modadd_arch_matrix_7gpu/modadd_4layer_route_then_process_AAMM/checkpoints/periodic_ep43000.pt,{}
periodic,43500,/jumbo/lisp/f006j44/erank/erank-interp/outputs/modadd_arch_matrix_7gpu/modadd_4layer_route_then_process_AAMM/checkpoints/periodic_ep43500.pt,{}
periodic,44000,/jumbo/lisp/f006j44/erank/erank-interp/outputs/modadd_arch_matrix_7gpu/modadd_4layer_route_then_process_AAMM/checkpoints/periodic_ep44000.pt,{}
periodic,44500,/jumbo/lisp/f006j44/erank/erank-interp/outputs/modadd_arch_matrix_7gpu/modadd_4layer_route_then_process_AAMM/checkpoints/periodic_ep44500.pt,{}
periodic,45000,/jumbo/lisp/f006j44/erank/erank-interp/outputs/modadd_arch_matrix_7gpu/modadd_4layer_route_then_process_AAMM/checkpoints/periodic_ep45000.pt,{}
periodic,45500,/jumbo/lisp/f006j44/erank/erank-interp/outputs/modadd_arch_matrix_7gpu/modadd_4layer_route_then_process_AAMM/checkpoints/periodic_ep45500.pt,{}
periodic,46000,/jumbo/lisp/f006j44/erank/erank-interp/outputs/modadd_arch_matrix_7gpu/modadd_4layer_route_then_process_AAMM/checkpoints/periodic_ep46000.pt,{}
periodic,46500,/jumbo/lisp/f006j44/erank/erank-interp/outputs/modadd_arch_matrix_7gpu/modadd_4layer_route_then_process_AAMM/checkpoints/periodic_ep46500.pt,{}
periodic,47000,/jumbo/lisp/f006j44/erank/erank-interp/outputs/modadd_arch_matrix_7gpu/modadd_4layer_route_then_process_AAMM/checkpoints/periodic_ep47000.pt,{}
periodic,47500,/jumbo/lisp/f006j44/erank/erank-interp/outputs/modadd_arch_matrix_7gpu/modadd_4layer_route_then_process_AAMM/checkpoints/periodic_ep47500.pt,{}
periodic,48000,/jumbo/lisp/f006j44/erank/erank-interp/outputs/modadd_arch_matrix_7gpu/modadd_4layer_route_then_process_AAMM/checkpoints/periodic_ep48000.pt,{}
periodic,48500,/jumbo/lisp/f006j44/erank/erank-interp/outputs/modadd_arch_matrix_7gpu/modadd_4layer_route_then_process_AAMM/checkpoints/periodic_ep48500.pt,{}
periodic,49000,/jumbo/lisp/f006j44/erank/erank-interp/outputs/modadd_arch_matrix_7gpu/modadd_4layer_route_then_process_AAMM/checkpoints/periodic_ep49000.pt,{}
periodic,49500,/jumbo/lisp/f006j44/erank/erank-interp/outputs/modadd_arch_matrix_7gpu/modadd_4layer_route_then_process_AAMM/checkpoints/periodic_ep49500.pt,{}
periodic,50000,/jumbo/lisp/f006j44/erank/erank-interp/outputs/modadd_arch_matrix_7gpu/modadd_4layer_route_then_process_AAMM/checkpoints/periodic_ep50000.pt,{}
final,50000,/jumbo/lisp/f006j44/erank/erank-interp/outputs/modadd_arch_matrix_7gpu/modadd_4layer_route_then_process_AAMM/final_checkpoint.pt,{}
best_val,45800,/jumbo/lisp/f006j44/erank/erank-interp/outputs/modadd_arch_matrix_7gpu/modadd_4layer_route_then_process_AAMM/best_val_checkpoint.pt,"{""val_acc"": 0.9947780678851175}"
