run_id,depth,schedule,checkpoint_label,epoch,train_acc,val_acc,train_loss,val_loss,checkpoint_path
depth3_bal_AMMAMA,3,AMMAMA,random_init,0,,,,,/jumbo/lisp/f006j44/erank/erank-interp/outputs/arch_order_sweep_6gpu/runs/depth3_bal_AMMAMA/random_init_checkpoint.pt
depth3_bal_AMMAMA,3,AMMAMA,first_train_acc_ge_0.99,325,0.9970626631853786,0.010443864229765013,0.1924451862772306,12.978044191996256,/jumbo/lisp/f006j44/erank/erank-interp/outputs/arch_order_sweep_6gpu/runs/depth3_bal_AMMAMA/checkpoints/event_first_train_acc_ge_0.99_ep325.pt
depth3_bal_AMMAMA,3,AMMAMA,periodic,500,1.0,0.013054830287206266,0.0766738560050726,13.174195925394693,/jumbo/lisp/f006j44/erank/erank-interp/outputs/arch_order_sweep_6gpu/runs/depth3_bal_AMMAMA/checkpoints/periodic_ep500.pt
depth3_bal_AMMAMA,3,AMMAMA,periodic,1000,0.9033942558746736,0.010443864229765013,0.4128345524271329,13.550473848978678,/jumbo/lisp/f006j44/erank/erank-interp/outputs/arch_order_sweep_6gpu/runs/depth3_bal_AMMAMA/checkpoints/periodic_ep1000.pt
depth3_bal_AMMAMA,3,AMMAMA,periodic,1500,1.0,0.018276762402088774,0.04489848824838797,12.081983884175619,/jumbo/lisp/f006j44/erank/erank-interp/outputs/arch_order_sweep_6gpu/runs/depth3_bal_AMMAMA/checkpoints/periodic_ep1500.pt
depth3_bal_AMMAMA,3,AMMAMA,periodic,2000,0.9941253263707572,0.020887728459530026,0.08226451401909192,12.726601282755533,/jumbo/lisp/f006j44/erank/erank-interp/outputs/arch_order_sweep_6gpu/runs/depth3_bal_AMMAMA/checkpoints/periodic_ep2000.pt
depth3_bal_AMMAMA,3,AMMAMA,periodic,2500,1.0,0.0195822454308094,0.036267848374942936,11.429250399271647,/jumbo/lisp/f006j44/erank/erank-interp/outputs/arch_order_sweep_6gpu/runs/depth3_bal_AMMAMA/checkpoints/periodic_ep2500.pt
depth3_bal_AMMAMA,3,AMMAMA,periodic,3000,0.5737597911227154,0.02349869451697128,1.7377015153566997,9.892460187276205,/jumbo/lisp/f006j44/erank/erank-interp/outputs/arch_order_sweep_6gpu/runs/depth3_bal_AMMAMA/checkpoints/periodic_ep3000.pt
depth3_bal_AMMAMA,3,AMMAMA,first_val_acc_ge_0.05,3300,1.0,0.050913838120104436,0.04294417736430963,8.345270792643229,/jumbo/lisp/f006j44/erank/erank-interp/outputs/arch_order_sweep_6gpu/runs/depth3_bal_AMMAMA/checkpoints/event_first_val_acc_ge_0.05_ep3300.pt
depth3_bal_AMMAMA,3,AMMAMA,periodic,3500,1.0,0.06919060052219321,0.029461455686638754,8.051613489786783,/jumbo/lisp/f006j44/erank/erank-interp/outputs/arch_order_sweep_6gpu/runs/depth3_bal_AMMAMA/checkpoints/periodic_ep3500.pt
depth3_bal_AMMAMA,3,AMMAMA,periodic,4000,0.9941253263707572,0.1475195822454308,0.06519799772650003,5.21165672938029,/jumbo/lisp/f006j44/erank/erank-interp/outputs/arch_order_sweep_6gpu/runs/depth3_bal_AMMAMA/checkpoints/periodic_ep4000.pt
depth3_bal_AMMAMA,3,AMMAMA,first_val_acc_ge_0.25,4175,0.9970626631853786,0.2545691906005222,0.05872905906289816,3.897167682647705,/jumbo/lisp/f006j44/erank/erank-interp/outputs/arch_order_sweep_6gpu/runs/depth3_bal_AMMAMA/checkpoints/event_first_val_acc_ge_0.25_ep4175.pt
depth3_bal_AMMAMA,3,AMMAMA,first_val_acc_ge_0.50,4400,1.0,0.5391644908616188,0.018217335765560467,1.6018953323364258,/jumbo/lisp/f006j44/erank/erank-interp/outputs/arch_order_sweep_6gpu/runs/depth3_bal_AMMAMA/checkpoints/event_first_val_acc_ge_0.50_ep4400.pt
depth3_bal_AMMAMA,3,AMMAMA,first_val_acc_ge_0.75,4475,1.0,0.8015665796344648,0.014251030360658964,0.5867891510327657,/jumbo/lisp/f006j44/erank/erank-interp/outputs/arch_order_sweep_6gpu/runs/depth3_bal_AMMAMA/checkpoints/event_first_val_acc_ge_0.75_ep4475.pt
depth3_bal_AMMAMA,3,AMMAMA,periodic,4500,1.0,0.8890339425587467,0.012208833126351237,0.3587137460708618,/jumbo/lisp/f006j44/erank/erank-interp/outputs/arch_order_sweep_6gpu/runs/depth3_bal_AMMAMA/checkpoints/periodic_ep4500.pt
depth3_bal_AMMAMA,3,AMMAMA,first_val_acc_ge_0.95,4575,1.0,0.9686684073107049,0.019172832214583952,0.16955772042274475,/jumbo/lisp/f006j44/erank/erank-interp/outputs/arch_order_sweep_6gpu/runs/depth3_bal_AMMAMA/checkpoints/event_first_val_acc_ge_0.95_ep4575.pt
depth3_bal_AMMAMA,3,AMMAMA,periodic,5000,1.0,0.9986945169712794,0.009835199685767293,0.029098801935712498,/jumbo/lisp/f006j44/erank/erank-interp/outputs/arch_order_sweep_6gpu/runs/depth3_bal_AMMAMA/checkpoints/periodic_ep5000.pt
depth3_bal_AMMAMA,3,AMMAMA,periodic,5500,1.0,1.0,0.002682432842751344,0.005883806850761175,/jumbo/lisp/f006j44/erank/erank-interp/outputs/arch_order_sweep_6gpu/runs/depth3_bal_AMMAMA/checkpoints/periodic_ep5500.pt
depth3_bal_AMMAMA,3,AMMAMA,periodic,6000,1.0,1.0,7.079084146729049e-05,0.00023890806187409908,/jumbo/lisp/f006j44/erank/erank-interp/outputs/arch_order_sweep_6gpu/runs/depth3_bal_AMMAMA/checkpoints/periodic_ep6000.pt
depth3_bal_AMMAMA,3,AMMAMA,periodic,6500,1.0,1.0,0.014641744395097097,0.024863130723436672,/jumbo/lisp/f006j44/erank/erank-interp/outputs/arch_order_sweep_6gpu/runs/depth3_bal_AMMAMA/checkpoints/periodic_ep6500.pt
depth3_bal_AMMAMA,3,AMMAMA,periodic,7000,1.0,1.0,0.0033906010212376714,0.006784315065791209,/jumbo/lisp/f006j44/erank/erank-interp/outputs/arch_order_sweep_6gpu/runs/depth3_bal_AMMAMA/checkpoints/periodic_ep7000.pt
depth3_bal_AMMAMA,3,AMMAMA,periodic,7500,1.0,0.9973890339425587,0.007654809858649969,0.01570579471687476,/jumbo/lisp/f006j44/erank/erank-interp/outputs/arch_order_sweep_6gpu/runs/depth3_bal_AMMAMA/checkpoints/periodic_ep7500.pt
depth3_bal_AMMAMA,3,AMMAMA,periodic,8000,1.0,1.0,0.003088305607282867,0.004738533093283574,/jumbo/lisp/f006j44/erank/erank-interp/outputs/arch_order_sweep_6gpu/runs/depth3_bal_AMMAMA/checkpoints/periodic_ep8000.pt
depth3_bal_AMMAMA,3,AMMAMA,periodic,8500,1.0,1.0,0.0026706646312959492,0.004092584286505978,/jumbo/lisp/f006j44/erank/erank-interp/outputs/arch_order_sweep_6gpu/runs/depth3_bal_AMMAMA/checkpoints/periodic_ep8500.pt
depth3_bal_AMMAMA,3,AMMAMA,periodic,9000,1.0,1.0,0.002574685999813179,0.00435870885848999,/jumbo/lisp/f006j44/erank/erank-interp/outputs/arch_order_sweep_6gpu/runs/depth3_bal_AMMAMA/checkpoints/periodic_ep9000.pt
depth3_bal_AMMAMA,3,AMMAMA,periodic,9500,1.0,1.0,0.0011563277900374185,0.0020696441254888973,/jumbo/lisp/f006j44/erank/erank-interp/outputs/arch_order_sweep_6gpu/runs/depth3_bal_AMMAMA/checkpoints/periodic_ep9500.pt
depth3_bal_AMMAMA,3,AMMAMA,periodic,10000,1.0,0.9986945169712794,0.005778579623438418,0.011286851639548937,/jumbo/lisp/f006j44/erank/erank-interp/outputs/arch_order_sweep_6gpu/runs/depth3_bal_AMMAMA/checkpoints/periodic_ep10000.pt
depth3_bal_AMMAMA,3,AMMAMA,periodic,10500,1.0,1.0,0.005265421311681469,0.008336973997453848,/jumbo/lisp/f006j44/erank/erank-interp/outputs/arch_order_sweep_6gpu/runs/depth3_bal_AMMAMA/checkpoints/periodic_ep10500.pt
depth3_bal_AMMAMA,3,AMMAMA,periodic,11000,1.0,1.0,0.009644564862052599,0.014159124655028185,/jumbo/lisp/f006j44/erank/erank-interp/outputs/arch_order_sweep_6gpu/runs/depth3_bal_AMMAMA/checkpoints/periodic_ep11000.pt
depth3_bal_AMMAMA,3,AMMAMA,periodic,11500,1.0,1.0,0.0056513431093965965,0.00933891348540783,/jumbo/lisp/f006j44/erank/erank-interp/outputs/arch_order_sweep_6gpu/runs/depth3_bal_AMMAMA/checkpoints/periodic_ep11500.pt
depth3_bal_AMMAMA,3,AMMAMA,periodic,12000,1.0,1.0,0.014865542684371272,0.02435176322857539,/jumbo/lisp/f006j44/erank/erank-interp/outputs/arch_order_sweep_6gpu/runs/depth3_bal_AMMAMA/checkpoints/periodic_ep12000.pt
depth3_bal_AMMAMA,3,AMMAMA,periodic,12500,1.0,1.0,0.009993918162460128,0.015259152899185816,/jumbo/lisp/f006j44/erank/erank-interp/outputs/arch_order_sweep_6gpu/runs/depth3_bal_AMMAMA/checkpoints/periodic_ep12500.pt
depth3_bal_AMMAMA,3,AMMAMA,periodic,13000,1.0,1.0,0.005674030360144873,0.010641827868918577,/jumbo/lisp/f006j44/erank/erank-interp/outputs/arch_order_sweep_6gpu/runs/depth3_bal_AMMAMA/checkpoints/periodic_ep13000.pt
depth3_bal_AMMAMA,3,AMMAMA,periodic,13500,1.0,1.0,0.004447286521705489,0.008818907508005699,/jumbo/lisp/f006j44/erank/erank-interp/outputs/arch_order_sweep_6gpu/runs/depth3_bal_AMMAMA/checkpoints/periodic_ep13500.pt
depth3_bal_AMMAMA,3,AMMAMA,periodic,14000,1.0,1.0,0.009352008579298854,0.015100177067021528,/jumbo/lisp/f006j44/erank/erank-interp/outputs/arch_order_sweep_6gpu/runs/depth3_bal_AMMAMA/checkpoints/periodic_ep14000.pt
depth3_bal_AMMAMA,3,AMMAMA,periodic,14500,1.0,1.0,0.004244136740453541,0.007662427611649036,/jumbo/lisp/f006j44/erank/erank-interp/outputs/arch_order_sweep_6gpu/runs/depth3_bal_AMMAMA/checkpoints/periodic_ep14500.pt
depth3_bal_AMMAMA,3,AMMAMA,periodic,15000,1.0,1.0,0.009156356255213419,0.016394671673576038,/jumbo/lisp/f006j44/erank/erank-interp/outputs/arch_order_sweep_6gpu/runs/depth3_bal_AMMAMA/checkpoints/periodic_ep15000.pt
depth3_bal_AMMAMA,3,AMMAMA,periodic,15500,1.0,1.0,0.007644370275860031,0.012570349499583244,/jumbo/lisp/f006j44/erank/erank-interp/outputs/arch_order_sweep_6gpu/runs/depth3_bal_AMMAMA/checkpoints/periodic_ep15500.pt
depth3_bal_AMMAMA,3,AMMAMA,periodic,16000,1.0,1.0,0.0057734898291528225,0.010671072639524937,/jumbo/lisp/f006j44/erank/erank-interp/outputs/arch_order_sweep_6gpu/runs/depth3_bal_AMMAMA/checkpoints/periodic_ep16000.pt
depth3_bal_AMMAMA,3,AMMAMA,periodic,16500,0.7078981723237598,0.6866840731070496,1.0298911432425182,0.9651418526967367,/jumbo/lisp/f006j44/erank/erank-interp/outputs/arch_order_sweep_6gpu/runs/depth3_bal_AMMAMA/checkpoints/periodic_ep16500.pt
depth3_bal_AMMAMA,3,AMMAMA,periodic,17000,1.0,1.0,0.008808088062020639,0.011200318733851114,/jumbo/lisp/f006j44/erank/erank-interp/outputs/arch_order_sweep_6gpu/runs/depth3_bal_AMMAMA/checkpoints/periodic_ep17000.pt
depth3_bal_AMMAMA,3,AMMAMA,periodic,17500,0.9862924281984334,0.9765013054830287,0.06533706653863192,0.07720739394426346,/jumbo/lisp/f006j44/erank/erank-interp/outputs/arch_order_sweep_6gpu/runs/depth3_bal_AMMAMA/checkpoints/periodic_ep17500.pt
depth3_bal_AMMAMA,3,AMMAMA,periodic,18000,1.0,0.9986945169712794,0.005661524444197615,0.014898027914265791,/jumbo/lisp/f006j44/erank/erank-interp/outputs/arch_order_sweep_6gpu/runs/depth3_bal_AMMAMA/checkpoints/periodic_ep18000.pt
depth3_bal_AMMAMA,3,AMMAMA,periodic,18500,0.585509138381201,0.7284595300261096,1.3270596663157146,1.010585884253184,/jumbo/lisp/f006j44/erank/erank-interp/outputs/arch_order_sweep_6gpu/runs/depth3_bal_AMMAMA/checkpoints/periodic_ep18500.pt
depth3_bal_AMMAMA,3,AMMAMA,periodic,19000,1.0,1.0,0.007737459692483147,0.013532075410087904,/jumbo/lisp/f006j44/erank/erank-interp/outputs/arch_order_sweep_6gpu/runs/depth3_bal_AMMAMA/checkpoints/periodic_ep19000.pt
depth3_bal_AMMAMA,3,AMMAMA,periodic,19500,0.9171018276762402,0.8955613577023499,0.24500755841533342,0.32788840929667157,/jumbo/lisp/f006j44/erank/erank-interp/outputs/arch_order_sweep_6gpu/runs/depth3_bal_AMMAMA/checkpoints/periodic_ep19500.pt
depth3_bal_AMMAMA,3,AMMAMA,periodic,20000,1.0,1.0,0.008965860664223632,0.014896112804611525,/jumbo/lisp/f006j44/erank/erank-interp/outputs/arch_order_sweep_6gpu/runs/depth3_bal_AMMAMA/checkpoints/periodic_ep20000.pt
depth3_bal_AMMAMA,3,AMMAMA,periodic,20500,1.0,1.0,0.005210364276232819,0.010129351479311785,/jumbo/lisp/f006j44/erank/erank-interp/outputs/arch_order_sweep_6gpu/runs/depth3_bal_AMMAMA/checkpoints/periodic_ep20500.pt
depth3_bal_AMMAMA,3,AMMAMA,periodic,21000,1.0,0.9973890339425587,0.008700362251450619,0.018418120841185253,/jumbo/lisp/f006j44/erank/erank-interp/outputs/arch_order_sweep_6gpu/runs/depth3_bal_AMMAMA/checkpoints/periodic_ep21000.pt
depth3_bal_AMMAMA,3,AMMAMA,periodic,21500,1.0,1.0,0.004919517940531175,0.008731689924995104,/jumbo/lisp/f006j44/erank/erank-interp/outputs/arch_order_sweep_6gpu/runs/depth3_bal_AMMAMA/checkpoints/periodic_ep21500.pt
depth3_bal_AMMAMA,3,AMMAMA,periodic,22000,1.0,0.9973890339425587,0.007837064719448486,0.020244003273546696,/jumbo/lisp/f006j44/erank/erank-interp/outputs/arch_order_sweep_6gpu/runs/depth3_bal_AMMAMA/checkpoints/periodic_ep22000.pt
depth3_bal_AMMAMA,3,AMMAMA,periodic,22500,1.0,1.0,0.004579825404410561,0.008567795778314272,/jumbo/lisp/f006j44/erank/erank-interp/outputs/arch_order_sweep_6gpu/runs/depth3_bal_AMMAMA/checkpoints/periodic_ep22500.pt
depth3_bal_AMMAMA,3,AMMAMA,periodic,23000,1.0,1.0,0.0036528692580759525,0.007004785351455212,/jumbo/lisp/f006j44/erank/erank-interp/outputs/arch_order_sweep_6gpu/runs/depth3_bal_AMMAMA/checkpoints/periodic_ep23000.pt
depth3_bal_AMMAMA,3,AMMAMA,periodic,23500,1.0,0.9986945169712794,0.008941531258945664,0.017174003645777702,/jumbo/lisp/f006j44/erank/erank-interp/outputs/arch_order_sweep_6gpu/runs/depth3_bal_AMMAMA/checkpoints/periodic_ep23500.pt
depth3_bal_AMMAMA,3,AMMAMA,periodic,24000,1.0,1.0,0.00361173062507684,0.006740227031211059,/jumbo/lisp/f006j44/erank/erank-interp/outputs/arch_order_sweep_6gpu/runs/depth3_bal_AMMAMA/checkpoints/periodic_ep24000.pt
depth3_bal_AMMAMA,3,AMMAMA,periodic,24500,1.0,0.9973890339425587,0.008572341680216292,0.019890285097062588,/jumbo/lisp/f006j44/erank/erank-interp/outputs/arch_order_sweep_6gpu/runs/depth3_bal_AMMAMA/checkpoints/periodic_ep24500.pt
depth3_bal_AMMAMA,3,AMMAMA,periodic,25000,1.0,1.0,0.008080883921744922,0.013329886210461458,/jumbo/lisp/f006j44/erank/erank-interp/outputs/arch_order_sweep_6gpu/runs/depth3_bal_AMMAMA/checkpoints/periodic_ep25000.pt
depth3_bal_AMMAMA,3,AMMAMA,periodic,25500,1.0,1.0,0.005730489889780681,0.009714414676030477,/jumbo/lisp/f006j44/erank/erank-interp/outputs/arch_order_sweep_6gpu/runs/depth3_bal_AMMAMA/checkpoints/periodic_ep25500.pt
depth3_bal_AMMAMA,3,AMMAMA,periodic,26000,1.0,1.0,0.0033540484534266093,0.006314120410631101,/jumbo/lisp/f006j44/erank/erank-interp/outputs/arch_order_sweep_6gpu/runs/depth3_bal_AMMAMA/checkpoints/periodic_ep26000.pt
depth3_bal_AMMAMA,3,AMMAMA,periodic,26500,1.0,1.0,0.005282070875788729,0.009391379853089651,/jumbo/lisp/f006j44/erank/erank-interp/outputs/arch_order_sweep_6gpu/runs/depth3_bal_AMMAMA/checkpoints/periodic_ep26500.pt
depth3_bal_AMMAMA,3,AMMAMA,periodic,27000,0.9996736292428199,0.9986945169712794,0.008849935761342445,0.013872670630613962,/jumbo/lisp/f006j44/erank/erank-interp/outputs/arch_order_sweep_6gpu/runs/depth3_bal_AMMAMA/checkpoints/periodic_ep27000.pt
depth3_bal_AMMAMA,3,AMMAMA,periodic,27500,1.0,0.9986945169712794,0.011923294281587005,0.02837816004951795,/jumbo/lisp/f006j44/erank/erank-interp/outputs/arch_order_sweep_6gpu/runs/depth3_bal_AMMAMA/checkpoints/periodic_ep27500.pt
depth3_bal_AMMAMA,3,AMMAMA,periodic,28000,1.0,1.0,0.007896680889340738,0.013868287516136965,/jumbo/lisp/f006j44/erank/erank-interp/outputs/arch_order_sweep_6gpu/runs/depth3_bal_AMMAMA/checkpoints/periodic_ep28000.pt
depth3_bal_AMMAMA,3,AMMAMA,periodic,28500,1.0,1.0,0.00850786354082326,0.013956738946338495,/jumbo/lisp/f006j44/erank/erank-interp/outputs/arch_order_sweep_6gpu/runs/depth3_bal_AMMAMA/checkpoints/periodic_ep28500.pt
depth3_bal_AMMAMA,3,AMMAMA,periodic,29000,1.0,1.0,0.003267771777852128,0.006348592694848776,/jumbo/lisp/f006j44/erank/erank-interp/outputs/arch_order_sweep_6gpu/runs/depth3_bal_AMMAMA/checkpoints/periodic_ep29000.pt
depth3_bal_AMMAMA,3,AMMAMA,periodic,29500,1.0,0.9986945169712794,0.011756079038605094,0.026582763840754826,/jumbo/lisp/f006j44/erank/erank-interp/outputs/arch_order_sweep_6gpu/runs/depth3_bal_AMMAMA/checkpoints/periodic_ep29500.pt
depth3_bal_AMMAMA,3,AMMAMA,periodic,30000,1.0,1.0,0.007137386167111496,0.012812546143929163,/jumbo/lisp/f006j44/erank/erank-interp/outputs/arch_order_sweep_6gpu/runs/depth3_bal_AMMAMA/checkpoints/periodic_ep30000.pt
depth3_bal_AMMAMA,3,AMMAMA,periodic,30500,0.9951044386422977,0.9804177545691906,0.05178858215610186,0.08704748253027599,/jumbo/lisp/f006j44/erank/erank-interp/outputs/arch_order_sweep_6gpu/runs/depth3_bal_AMMAMA/checkpoints/periodic_ep30500.pt
depth3_bal_AMMAMA,3,AMMAMA,periodic,31000,1.0,1.0,0.005084147948461275,0.008566480750838915,/jumbo/lisp/f006j44/erank/erank-interp/outputs/arch_order_sweep_6gpu/runs/depth3_bal_AMMAMA/checkpoints/periodic_ep31000.pt
depth3_bal_AMMAMA,3,AMMAMA,periodic,31500,0.9990208877284595,0.9882506527415144,0.04171420851101478,0.07562799255053203,/jumbo/lisp/f006j44/erank/erank-interp/outputs/arch_order_sweep_6gpu/runs/depth3_bal_AMMAMA/checkpoints/periodic_ep31500.pt
depth3_bal_AMMAMA,3,AMMAMA,periodic,32000,1.0,1.0,0.009904266490290562,0.01813614306350549,/jumbo/lisp/f006j44/erank/erank-interp/outputs/arch_order_sweep_6gpu/runs/depth3_bal_AMMAMA/checkpoints/periodic_ep32000.pt
depth3_bal_AMMAMA,3,AMMAMA,periodic,32500,1.0,1.0,0.006407639671427508,0.014098748564720154,/jumbo/lisp/f006j44/erank/erank-interp/outputs/arch_order_sweep_6gpu/runs/depth3_bal_AMMAMA/checkpoints/periodic_ep32500.pt
depth3_bal_AMMAMA,3,AMMAMA,periodic,33000,1.0,1.0,0.004285652791926016,0.008671625206867853,/jumbo/lisp/f006j44/erank/erank-interp/outputs/arch_order_sweep_6gpu/runs/depth3_bal_AMMAMA/checkpoints/periodic_ep33000.pt
depth3_bal_AMMAMA,3,AMMAMA,periodic,33500,1.0,1.0,0.008038372810309133,0.014287547208368778,/jumbo/lisp/f006j44/erank/erank-interp/outputs/arch_order_sweep_6gpu/runs/depth3_bal_AMMAMA/checkpoints/periodic_ep33500.pt
depth3_bal_AMMAMA,3,AMMAMA,periodic,34000,1.0,0.9986945169712794,0.005849289824254811,0.014864754242201647,/jumbo/lisp/f006j44/erank/erank-interp/outputs/arch_order_sweep_6gpu/runs/depth3_bal_AMMAMA/checkpoints/periodic_ep34000.pt
depth3_bal_AMMAMA,3,AMMAMA,periodic,34500,1.0,1.0,0.0034019348677247763,0.0074986413431664305,/jumbo/lisp/f006j44/erank/erank-interp/outputs/arch_order_sweep_6gpu/runs/depth3_bal_AMMAMA/checkpoints/periodic_ep34500.pt
depth3_bal_AMMAMA,3,AMMAMA,periodic,35000,1.0,1.0,0.005814233135121564,0.010732459835708141,/jumbo/lisp/f006j44/erank/erank-interp/outputs/arch_order_sweep_6gpu/runs/depth3_bal_AMMAMA/checkpoints/periodic_ep35000.pt
depth3_bal_AMMAMA,3,AMMAMA,periodic,35500,1.0,1.0,0.005744602880440652,0.009970815231402716,/jumbo/lisp/f006j44/erank/erank-interp/outputs/arch_order_sweep_6gpu/runs/depth3_bal_AMMAMA/checkpoints/periodic_ep35500.pt
depth3_bal_AMMAMA,3,AMMAMA,periodic,36000,1.0,0.9986945169712794,0.012240168172866106,0.02218503753344218,/jumbo/lisp/f006j44/erank/erank-interp/outputs/arch_order_sweep_6gpu/runs/depth3_bal_AMMAMA/checkpoints/periodic_ep36000.pt
depth3_bal_AMMAMA,3,AMMAMA,periodic,36500,0.47845953002610964,0.3185378590078329,2.5279379983743033,2.92967160542806,/jumbo/lisp/f006j44/erank/erank-interp/outputs/arch_order_sweep_6gpu/runs/depth3_bal_AMMAMA/checkpoints/periodic_ep36500.pt
depth3_bal_AMMAMA,3,AMMAMA,periodic,37000,1.0,1.0,0.0045156150590628386,0.008316239652534326,/jumbo/lisp/f006j44/erank/erank-interp/outputs/arch_order_sweep_6gpu/runs/depth3_bal_AMMAMA/checkpoints/periodic_ep37000.pt
depth3_bal_AMMAMA,3,AMMAMA,periodic,37500,1.0,1.0,0.008105979145814976,0.012612668176492056,/jumbo/lisp/f006j44/erank/erank-interp/outputs/arch_order_sweep_6gpu/runs/depth3_bal_AMMAMA/checkpoints/periodic_ep37500.pt
depth3_bal_AMMAMA,3,AMMAMA,periodic,38000,0.9885770234986945,0.9725848563968669,0.05466497037559748,0.10240056117375691,/jumbo/lisp/f006j44/erank/erank-interp/outputs/arch_order_sweep_6gpu/runs/depth3_bal_AMMAMA/checkpoints/periodic_ep38000.pt
depth3_bal_AMMAMA,3,AMMAMA,periodic,38500,1.0,1.0,0.007313640050900479,0.014028119233747324,/jumbo/lisp/f006j44/erank/erank-interp/outputs/arch_order_sweep_6gpu/runs/depth3_bal_AMMAMA/checkpoints/periodic_ep38500.pt
depth3_bal_AMMAMA,3,AMMAMA,periodic,39000,1.0,0.9973890339425587,0.011605133768171072,0.02354094386100769,/jumbo/lisp/f006j44/erank/erank-interp/outputs/arch_order_sweep_6gpu/runs/depth3_bal_AMMAMA/checkpoints/periodic_ep39000.pt
depth3_bal_AMMAMA,3,AMMAMA,periodic,39500,1.0,1.0,0.00835863306807975,0.014712552229563395,/jumbo/lisp/f006j44/erank/erank-interp/outputs/arch_order_sweep_6gpu/runs/depth3_bal_AMMAMA/checkpoints/periodic_ep39500.pt
depth3_bal_AMMAMA,3,AMMAMA,periodic,40000,1.0,1.0,0.007352294361529251,0.01161483737329642,/jumbo/lisp/f006j44/erank/erank-interp/outputs/arch_order_sweep_6gpu/runs/depth3_bal_AMMAMA/checkpoints/periodic_ep40000.pt
depth3_bal_AMMAMA,3,AMMAMA,periodic,40500,0.7127937336814621,0.6292428198433421,0.8728452374537786,0.9985441366831461,/jumbo/lisp/f006j44/erank/erank-interp/outputs/arch_order_sweep_6gpu/runs/depth3_bal_AMMAMA/checkpoints/periodic_ep40500.pt
depth3_bal_AMMAMA,3,AMMAMA,periodic,41000,0.9732375979112271,0.9647519582245431,0.13235136307775974,0.16374070445696512,/jumbo/lisp/f006j44/erank/erank-interp/outputs/arch_order_sweep_6gpu/runs/depth3_bal_AMMAMA/checkpoints/periodic_ep41000.pt
depth3_bal_AMMAMA,3,AMMAMA,periodic,41500,1.0,0.9986945169712794,0.012028367103387913,0.022810328751802444,/jumbo/lisp/f006j44/erank/erank-interp/outputs/arch_order_sweep_6gpu/runs/depth3_bal_AMMAMA/checkpoints/periodic_ep41500.pt
depth3_bal_AMMAMA,3,AMMAMA,periodic,42000,1.0,1.0,0.004853664509331186,0.008337607917686304,/jumbo/lisp/f006j44/erank/erank-interp/outputs/arch_order_sweep_6gpu/runs/depth3_bal_AMMAMA/checkpoints/periodic_ep42000.pt
depth3_bal_AMMAMA,3,AMMAMA,periodic,42500,1.0,1.0,0.008304752875119448,0.014141575743754705,/jumbo/lisp/f006j44/erank/erank-interp/outputs/arch_order_sweep_6gpu/runs/depth3_bal_AMMAMA/checkpoints/periodic_ep42500.pt
depth3_bal_AMMAMA,3,AMMAMA,periodic,43000,1.0,1.0,0.00864429174301525,0.014305284557243189,/jumbo/lisp/f006j44/erank/erank-interp/outputs/arch_order_sweep_6gpu/runs/depth3_bal_AMMAMA/checkpoints/periodic_ep43000.pt
depth3_bal_AMMAMA,3,AMMAMA,periodic,43500,0.9510443864229765,0.9190600522193212,0.18457736323277155,0.20099206268787384,/jumbo/lisp/f006j44/erank/erank-interp/outputs/arch_order_sweep_6gpu/runs/depth3_bal_AMMAMA/checkpoints/periodic_ep43500.pt
depth3_bal_AMMAMA,3,AMMAMA,periodic,44000,1.0,1.0,0.005758292313354711,0.009176289352277914,/jumbo/lisp/f006j44/erank/erank-interp/outputs/arch_order_sweep_6gpu/runs/depth3_bal_AMMAMA/checkpoints/periodic_ep44000.pt
depth3_bal_AMMAMA,3,AMMAMA,periodic,44500,1.0,1.0,0.008336156490258873,0.0134680001065135,/jumbo/lisp/f006j44/erank/erank-interp/outputs/arch_order_sweep_6gpu/runs/depth3_bal_AMMAMA/checkpoints/periodic_ep44500.pt
depth3_bal_AMMAMA,3,AMMAMA,periodic,45000,0.83322454308094,0.8224543080939948,0.4939749638239543,0.5344675779342651,/jumbo/lisp/f006j44/erank/erank-interp/outputs/arch_order_sweep_6gpu/runs/depth3_bal_AMMAMA/checkpoints/periodic_ep45000.pt
depth3_bal_AMMAMA,3,AMMAMA,periodic,45500,1.0,1.0,0.005201417681140204,0.009618011924127737,/jumbo/lisp/f006j44/erank/erank-interp/outputs/arch_order_sweep_6gpu/runs/depth3_bal_AMMAMA/checkpoints/periodic_ep45500.pt
depth3_bal_AMMAMA,3,AMMAMA,periodic,46000,1.0,1.0,0.0074764124971504016,0.013073001988232136,/jumbo/lisp/f006j44/erank/erank-interp/outputs/arch_order_sweep_6gpu/runs/depth3_bal_AMMAMA/checkpoints/periodic_ep46000.pt
depth3_bal_AMMAMA,3,AMMAMA,periodic,46500,1.0,1.0,0.009351962711662054,0.014262562617659569,/jumbo/lisp/f006j44/erank/erank-interp/outputs/arch_order_sweep_6gpu/runs/depth3_bal_AMMAMA/checkpoints/periodic_ep46500.pt
depth3_bal_AMMAMA,3,AMMAMA,periodic,47000,1.0,1.0,0.019210633045683306,0.0391037662823995,/jumbo/lisp/f006j44/erank/erank-interp/outputs/arch_order_sweep_6gpu/runs/depth3_bal_AMMAMA/checkpoints/periodic_ep47000.pt
depth3_bal_AMMAMA,3,AMMAMA,periodic,47500,1.0,0.9986945169712794,0.0035544319349961975,0.010971307754516602,/jumbo/lisp/f006j44/erank/erank-interp/outputs/arch_order_sweep_6gpu/runs/depth3_bal_AMMAMA/checkpoints/periodic_ep47500.pt
depth3_bal_AMMAMA,3,AMMAMA,periodic,48000,1.0,1.0,0.007090301369316876,0.011718356050550938,/jumbo/lisp/f006j44/erank/erank-interp/outputs/arch_order_sweep_6gpu/runs/depth3_bal_AMMAMA/checkpoints/periodic_ep48000.pt
depth3_bal_AMMAMA,3,AMMAMA,periodic,48500,1.0,1.0,0.0038903411477804184,0.006612184302260478,/jumbo/lisp/f006j44/erank/erank-interp/outputs/arch_order_sweep_6gpu/runs/depth3_bal_AMMAMA/checkpoints/periodic_ep48500.pt
depth3_bal_AMMAMA,3,AMMAMA,periodic,49000,1.0,1.0,0.007695738653031488,0.01332442214091619,/jumbo/lisp/f006j44/erank/erank-interp/outputs/arch_order_sweep_6gpu/runs/depth3_bal_AMMAMA/checkpoints/periodic_ep49000.pt
depth3_bal_AMMAMA,3,AMMAMA,periodic,49500,1.0,1.0,0.0077996698673814535,0.0135801009212931,/jumbo/lisp/f006j44/erank/erank-interp/outputs/arch_order_sweep_6gpu/runs/depth3_bal_AMMAMA/checkpoints/periodic_ep49500.pt
depth3_bal_AMMAMA,3,AMMAMA,periodic,50000,1.0,1.0,0.00882687217866381,0.014308572746813297,/jumbo/lisp/f006j44/erank/erank-interp/outputs/arch_order_sweep_6gpu/runs/depth3_bal_AMMAMA/checkpoints/periodic_ep50000.pt
depth3_bal_AMMAMA,3,AMMAMA,final,50000,1.0,1.0,0.00882687217866381,0.014308572746813297,/jumbo/lisp/f006j44/erank/erank-interp/outputs/arch_order_sweep_6gpu/runs/depth3_bal_AMMAMA/final_checkpoint.pt
depth3_bal_AMMAMA,3,AMMAMA,best_val,4925,,1.0,,,/jumbo/lisp/f006j44/erank/erank-interp/outputs/arch_order_sweep_6gpu/runs/depth3_bal_AMMAMA/best_val_checkpoint.pt
