run_name,variant,seed,freeze_A0,freeze_M0,epoch,checkpoint_label,train_acc,val_acc,test_acc_at_best_val_if_applicable,layer,erank_pre,erank_mid,erank_post,delta_attn,delta_mlp
freeze_A0_seed1,freeze_A0,1,1,0,0,random_init,,,,0,1.000000000000049,68.66918120645008,65.42983179968216,67.66918120645003,-3.2393494067679143
freeze_A0_seed1,freeze_A0,1,1,0,0,random_init,,,,1,65.42983179968216,74.28322631032599,69.7306437692787,8.853394510643824,-4.552582541047286
freeze_A0_seed1,freeze_A0,1,1,0,0,random_init,,,,2,69.7306437692787,71.52538581245105,67.12578458107534,1.7947420431723486,-4.399601231375712
freeze_A0_seed1,freeze_A0,1,1,0,100,periodic_full,0.9768276762402088,0.0039164490861618795,,0,1.0000000000000393,62.25197738043048,43.76843006243419,61.25197738043044,-18.48354731799629
freeze_A0_seed1,freeze_A0,1,1,0,100,periodic_full,0.9768276762402088,0.0039164490861618795,,1,43.76843006243419,33.123079734520296,24.444644004725554,-10.645350327913896,-8.678435729794742
freeze_A0_seed1,freeze_A0,1,1,0,100,periodic_full,0.9768276762402088,0.0039164490861618795,,2,24.444644004725554,47.36266874327951,85.04780097458465,22.918024738553953,37.68513223130514
freeze_A0_seed1,freeze_A0,1,1,0,150,first_train_acc_ge_0.99,0.9996736292428199,0.005221932114882507,,0,1.0000000000000482,59.99977434143913,40.28108814405988,58.99977434143908,-19.71868619737925
freeze_A0_seed1,freeze_A0,1,1,0,150,first_train_acc_ge_0.99,0.9996736292428199,0.005221932114882507,,1,40.28108814405988,29.497913848302122,21.11022919630742,-10.783174295757757,-8.387684651994704
freeze_A0_seed1,freeze_A0,1,1,0,150,first_train_acc_ge_0.99,0.9996736292428199,0.005221932114882507,,2,21.11022919630742,44.933554915689186,84.1331132908021,23.823325719381767,39.199558375112915
freeze_A0_seed1,freeze_A0,1,1,0,200,periodic_full,1.0,0.0026109660574412533,,0,1.0000000000000362,57.395360599926114,36.78063224141638,56.39536059992608,-20.614728358509737
freeze_A0_seed1,freeze_A0,1,1,0,200,periodic_full,1.0,0.0026109660574412533,,1,36.78063224141638,26.74097907207375,19.403410631288,-10.039653169342628,-7.337568440785748
freeze_A0_seed1,freeze_A0,1,1,0,200,periodic_full,1.0,0.0026109660574412533,,2,19.403410631288,43.160067516848045,83.02864248336724,23.756656885560044,39.86857496651919
freeze_A0_seed1,freeze_A0,1,1,0,300,periodic_full,0.9996736292428199,0.0026109660574412533,,0,1.0000000000000409,51.37358384423924,30.600401103702115,50.3735838442392,-20.773182740537127
freeze_A0_seed1,freeze_A0,1,1,0,300,periodic_full,0.9996736292428199,0.0026109660574412533,,1,30.600401103702115,23.137103255849674,18.186266361578852,-7.463297847852441,-4.950836894270822
freeze_A0_seed1,freeze_A0,1,1,0,300,periodic_full,0.9996736292428199,0.0026109660574412533,,2,18.186266361578852,41.688242130475466,82.64596808190603,23.501975768896614,40.95772595143057
freeze_A0_seed1,freeze_A0,1,1,0,400,periodic_full,1.0,0.007832898172323759,,0,1.0000000000000382,45.69034545065786,26.232947854483797,44.69034545065782,-19.45739759617406
freeze_A0_seed1,freeze_A0,1,1,0,400,periodic_full,1.0,0.007832898172323759,,1,26.232947854483797,20.918853727897183,16.332202011586997,-5.314094126586614,-4.586651716310186
freeze_A0_seed1,freeze_A0,1,1,0,400,periodic_full,1.0,0.007832898172323759,,2,16.332202011586997,39.547364541020904,78.79345004331559,23.215162529433908,39.24608550229468
freeze_A0_seed1,freeze_A0,1,1,0,500,periodic_full,1.0,0.010443864229765013,,0,1.0000000000000422,40.41361668143151,23.180513198708418,39.41361668143147,-17.233103482723095
freeze_A0_seed1,freeze_A0,1,1,0,500,periodic_full,1.0,0.010443864229765013,,1,23.180513198708418,19.656823876567852,15.747384526988798,-3.523689322140566,-3.9094393495790545
freeze_A0_seed1,freeze_A0,1,1,0,500,periodic_full,1.0,0.010443864229765013,,2,15.747384526988798,38.96045321406553,78.06967073863024,23.213068687076735,39.109217524564706
freeze_A0_seed1,freeze_A0,1,1,0,600,periodic_full,1.0,0.013054830287206266,,0,1.0000000000000389,36.12160541680322,21.105926359308114,35.121605416803185,-15.015679057495106
freeze_A0_seed1,freeze_A0,1,1,0,600,periodic_full,1.0,0.013054830287206266,,1,21.105926359308114,18.67199562635327,15.189409768109753,-2.4339307329548454,-3.4825858582435156
freeze_A0_seed1,freeze_A0,1,1,0,600,periodic_full,1.0,0.013054830287206266,,2,15.189409768109753,38.060621202982404,76.06786774262294,22.87121143487265,38.00724653964053
freeze_A0_seed1,freeze_A0,1,1,0,700,periodic_full,1.0,0.014360313315926894,,0,1.0000000000000413,32.93079145760979,19.785938789806156,31.93079145760975,-13.144852667803637
freeze_A0_seed1,freeze_A0,1,1,0,700,periodic_full,1.0,0.014360313315926894,,1,19.785938789806156,18.146523230855742,15.515002527154289,-1.6394155589504145,-2.6315207037014527
freeze_A0_seed1,freeze_A0,1,1,0,700,periodic_full,1.0,0.014360313315926894,,2,15.515002527154289,38.45546609102904,79.30351337831489,22.94046356387475,40.84804728728585
freeze_A0_seed1,freeze_A0,1,1,0,800,periodic_full,1.0,0.01174934725848564,,0,1.0000000000000366,30.63851569235707,18.860690840464166,29.638515692357036,-11.777824851892905
freeze_A0_seed1,freeze_A0,1,1,0,800,periodic_full,1.0,0.01174934725848564,,1,18.860690840464166,17.593011260057494,14.768478932385188,-1.2676795804066714,-2.8245323276723067
freeze_A0_seed1,freeze_A0,1,1,0,800,periodic_full,1.0,0.01174934725848564,,2,14.768478932385188,37.218148065082175,76.29476027858473,22.44966913269699,39.07661221350256
freeze_A0_seed1,freeze_A0,1,1,0,900,periodic_full,1.0,0.009138381201044387,,0,1.000000000000039,28.979469727723117,18.128093188365266,27.979469727723078,-10.851376539357851
freeze_A0_seed1,freeze_A0,1,1,0,900,periodic_full,1.0,0.009138381201044387,,1,18.128093188365266,17.145844945099398,14.385629039314486,-0.9822482432658681,-2.7602159057849125
freeze_A0_seed1,freeze_A0,1,1,0,900,periodic_full,1.0,0.009138381201044387,,2,14.385629039314486,36.190205262779656,72.9710585528484,21.80457622346517,36.78085329006875
freeze_A0_seed1,freeze_A0,1,1,0,1000,periodic_full,0.9993472584856397,0.016971279373368148,,0,1.0000000000000437,28.114879128863407,17.853597159445066,27.114879128863365,-10.261281969418341
freeze_A0_seed1,freeze_A0,1,1,0,1000,periodic_full,0.9993472584856397,0.016971279373368148,,1,17.853597159445066,17.073560370556592,14.708920568913289,-0.7800367888884736,-2.3646398016433032
freeze_A0_seed1,freeze_A0,1,1,0,1000,periodic_full,0.9993472584856397,0.016971279373368148,,2,14.708920568913289,36.87799361148076,77.41489995004122,22.169073042567472,40.536906338560456
freeze_A0_seed1,freeze_A0,1,1,0,1100,periodic_full,1.0,0.018276762402088774,,0,1.0000000000000504,27.623403289389636,17.730436949686563,26.623403289389586,-9.892966339703072
freeze_A0_seed1,freeze_A0,1,1,0,1100,periodic_full,1.0,0.018276762402088774,,1,17.730436949686563,16.88704346476809,14.41821126560006,-0.8433934849184723,-2.4688321991680304
freeze_A0_seed1,freeze_A0,1,1,0,1100,periodic_full,1.0,0.018276762402088774,,2,14.41821126560006,36.36883008491506,75.95659421193608,21.950618819315,39.58776412702102
freeze_A0_seed1,freeze_A0,1,1,0,1200,periodic_full,0.9934725848563969,0.015665796344647518,,0,1.0000000000000417,26.969158810369937,17.47244846772693,25.969158810369894,-9.496710342643006
freeze_A0_seed1,freeze_A0,1,1,0,1200,periodic_full,0.9934725848563969,0.015665796344647518,,1,17.47244846772693,16.65531456641283,14.161520053833623,-0.8171339013141008,-2.493794512579207
freeze_A0_seed1,freeze_A0,1,1,0,1200,periodic_full,0.9934725848563969,0.015665796344647518,,2,14.161520053833623,35.627752029607386,74.10891187614283,21.466231975773763,38.48115984653544
freeze_A0_seed1,freeze_A0,1,1,0,1300,periodic_full,1.0,0.02349869451697128,,0,1.0000000000000415,26.41847529545501,17.18695289253147,25.418475295454968,-9.231522402923542
freeze_A0_seed1,freeze_A0,1,1,0,1300,periodic_full,1.0,0.02349869451697128,,1,17.18695289253147,16.27428194827574,13.785737962807238,-0.9126709442557299,-2.4885439854685014
freeze_A0_seed1,freeze_A0,1,1,0,1300,periodic_full,1.0,0.02349869451697128,,2,13.785737962807238,34.553870479562725,70.41151823786994,20.768132516755486,35.857647758307216
freeze_A0_seed1,freeze_A0,1,1,0,1400,periodic_full,1.0,0.028720626631853787,,0,1.000000000000045,26.41482232793373,17.02147860804537,25.414822327933685,-9.39334371988836
freeze_A0_seed1,freeze_A0,1,1,0,1400,periodic_full,1.0,0.028720626631853787,,1,17.02147860804537,16.099789696311586,14.180176644600918,-0.921688911733785,-1.9196130517106678
freeze_A0_seed1,freeze_A0,1,1,0,1400,periodic_full,1.0,0.028720626631853787,,2,14.180176644600918,35.547503282795674,75.9543486716848,21.367326638194754,40.406845388889124
freeze_A0_seed1,freeze_A0,1,1,0,1500,periodic_full,0.8107049608355091,0.028720626631853787,,0,1.000000000000039,26.025605669690624,16.866860192338955,25.025605669690584,-9.158745477351669
freeze_A0_seed1,freeze_A0,1,1,0,1500,periodic_full,0.8107049608355091,0.028720626631853787,,1,16.866860192338955,15.888308355142147,14.30648537785295,-0.9785518371968074,-1.5818229772891979
freeze_A0_seed1,freeze_A0,1,1,0,1500,periodic_full,0.8107049608355091,0.028720626631853787,,2,14.30648537785295,35.19674536458781,73.92340851998812,20.89025998673486,38.7266631554003
freeze_A0_seed1,freeze_A0,1,1,0,1600,periodic_full,1.0,0.04046997389033943,,0,1.000000000000042,25.632081424211453,16.742281969081272,24.63208142421141,-8.88979945513018
freeze_A0_seed1,freeze_A0,1,1,0,1600,periodic_full,1.0,0.04046997389033943,,1,16.742281969081272,15.8892819184196,13.824454574901546,-0.853000050661672,-2.064827343518054
freeze_A0_seed1,freeze_A0,1,1,0,1600,periodic_full,1.0,0.04046997389033943,,2,13.824454574901546,34.753332640414165,73.94114110878157,20.92887806551262,39.1878084683674
freeze_A0_seed1,freeze_A0,1,1,0,1700,periodic_full,1.0,0.04046997389033943,,0,1.0000000000000377,25.184373606507204,16.56578115233825,24.184373606507165,-8.618592454168954
freeze_A0_seed1,freeze_A0,1,1,0,1700,periodic_full,1.0,0.04046997389033943,,1,16.56578115233825,15.67041141651444,13.451082441837155,-0.8953697358238095,-2.2193289746772855
freeze_A0_seed1,freeze_A0,1,1,0,1700,periodic_full,1.0,0.04046997389033943,,2,13.451082441837155,33.59115123685938,70.12614130735267,20.140068795022227,36.534990070493286
freeze_A0_seed1,freeze_A0,1,1,0,1800,periodic_full,1.0,0.04569190600522193,,0,1.0000000000000413,24.92216600332872,16.40078089055966,23.922166003328677,-8.52138511276906
freeze_A0_seed1,freeze_A0,1,1,0,1800,periodic_full,1.0,0.04569190600522193,,1,16.40078089055966,15.486863395809133,13.314572089438286,-0.9139174947505264,-2.1722913063708464
freeze_A0_seed1,freeze_A0,1,1,0,1800,periodic_full,1.0,0.04569190600522193,,2,13.314572089438286,33.30689672514454,70.33484153530735,19.992324635706254,37.02794481016281
freeze_A0_seed1,freeze_A0,1,1,0,1900,periodic_full,0.9859660574412533,0.044386422976501305,,0,1.0000000000000346,24.494734956767857,16.135496473476945,23.49473495676782,-8.359238483290913
freeze_A0_seed1,freeze_A0,1,1,0,1900,periodic_full,0.9859660574412533,0.044386422976501305,,1,16.135496473476945,15.119204362412368,12.998712711325494,-1.0162921110645762,-2.1204916510868745
freeze_A0_seed1,freeze_A0,1,1,0,1900,periodic_full,0.9859660574412533,0.044386422976501305,,2,12.998712711325494,32.30810712884095,67.44267391664677,19.309394417515456,35.13456678780582
freeze_A0_seed1,freeze_A0,1,1,0,2000,periodic_full,1.0,0.04960835509138381,,0,1.0000000000000366,24.066560024619008,15.928926606000724,23.066560024618973,-8.137633418618284
freeze_A0_seed1,freeze_A0,1,1,0,2000,periodic_full,1.0,0.04960835509138381,,1,15.928926606000724,14.980101239220247,12.909778756887004,-0.9488253667804774,-2.0703224823332427
freeze_A0_seed1,freeze_A0,1,1,0,2000,periodic_full,1.0,0.04960835509138381,,2,12.909778756887004,32.448797064767845,66.4775387941213,19.53901830788084,34.028741729353456
freeze_A0_seed1,freeze_A0,1,1,0,2100,periodic_full,1.0,0.06527415143603134,,0,1.0000000000000444,23.927303623209305,15.881710910993359,22.927303623209262,-8.045592712215946
freeze_A0_seed1,freeze_A0,1,1,0,2100,periodic_full,1.0,0.06527415143603134,,1,15.881710910993359,14.930350416786148,13.006320212948614,-0.9513604942072114,-1.9240302038375336
freeze_A0_seed1,freeze_A0,1,1,0,2100,periodic_full,1.0,0.06527415143603134,,2,13.006320212948614,32.10310183342207,67.3242072144848,19.096781620473458,35.22110538106273
freeze_A0_seed1,freeze_A0,1,1,0,2200,periodic_full,1.0,0.06788511749347259,,0,1.0000000000000373,23.726642157316583,15.88209713817442,22.726642157316547,-7.8445450191421635
freeze_A0_seed1,freeze_A0,1,1,0,2200,periodic_full,1.0,0.06788511749347259,,1,15.88209713817442,14.922015989869564,12.958616094683224,-0.9600811483048552,-1.96339989518634
freeze_A0_seed1,freeze_A0,1,1,0,2200,periodic_full,1.0,0.06788511749347259,,2,12.958616094683224,32.116973834032855,67.685106381186,19.158357739349633,35.56813254715315
freeze_A0_seed1,freeze_A0,1,1,0,2300,periodic_full,1.0,0.07049608355091384,,0,1.000000000000043,23.644313781583836,15.835356263512196,22.644313781583794,-7.80895751807164
freeze_A0_seed1,freeze_A0,1,1,0,2300,periodic_full,1.0,0.07049608355091384,,1,15.835356263512196,14.870940520871372,12.994015272227841,-0.9644157426408242,-1.8769252486435306
freeze_A0_seed1,freeze_A0,1,1,0,2300,periodic_full,1.0,0.07049608355091384,,2,12.994015272227841,32.20307266840295,68.24118103721271,19.209057396175112,36.03810836880976
freeze_A0_seed1,freeze_A0,1,1,0,2400,periodic_full,1.0,0.0587467362924282,,0,1.000000000000042,23.412085495535386,15.761545238422453,22.412085495535344,-7.650540257112933
freeze_A0_seed1,freeze_A0,1,1,0,2400,periodic_full,1.0,0.0587467362924282,,1,15.761545238422453,14.844981717840687,12.896882515335614,-0.9165635205817662,-1.9480992025050732
freeze_A0_seed1,freeze_A0,1,1,0,2400,periodic_full,1.0,0.0587467362924282,,2,12.896882515335614,31.753366543825116,66.55188269754703,18.856484028489504,34.79851615372191
freeze_A0_seed1,freeze_A0,1,1,0,2500,periodic_full,1.0,0.0639686684073107,,0,1.0000000000000362,23.299952647596356,15.678558269052555,22.29995264759632,-7.621394378543801
freeze_A0_seed1,freeze_A0,1,1,0,2500,periodic_full,1.0,0.0639686684073107,,1,15.678558269052555,14.75644174777344,12.942603460941982,-0.9221165212791149,-1.8138382868314586
freeze_A0_seed1,freeze_A0,1,1,0,2500,periodic_full,1.0,0.0639686684073107,,2,12.942603460941982,31.81028020854418,66.72588740832286,18.8676767476022,34.91560719977868
freeze_A0_seed1,freeze_A0,1,1,0,2600,periodic_full,1.0,0.0835509138381201,,0,1.0000000000000424,23.328189863472968,15.786020278284997,22.328189863472925,-7.54216958518797
freeze_A0_seed1,freeze_A0,1,1,0,2600,periodic_full,1.0,0.0835509138381201,,1,15.786020278284997,14.853935355798699,13.012138893290999,-0.9320849224862986,-1.8417964625077001
freeze_A0_seed1,freeze_A0,1,1,0,2600,periodic_full,1.0,0.0835509138381201,,2,13.012138893290999,31.691907463210015,66.61925719752293,18.679768569919016,34.92734973431291
freeze_A0_seed1,freeze_A0,1,1,0,2700,periodic_full,1.0,0.08877284595300261,,0,1.000000000000047,23.32078262369842,15.628935722436369,22.320782623698374,-7.691846901262052
freeze_A0_seed1,freeze_A0,1,1,0,2700,periodic_full,1.0,0.08877284595300261,,1,15.628935722436369,14.617396386922666,13.083794670149224,-1.011539335513703,-1.5336017167734415
freeze_A0_seed1,freeze_A0,1,1,0,2700,periodic_full,1.0,0.08877284595300261,,2,13.083794670149224,31.894978925718288,67.28835806481365,18.811184255569064,35.39337913909536
freeze_A0_seed1,freeze_A0,1,1,0,2800,periodic_full,1.0,0.097911227154047,,0,1.0000000000000415,23.360426489972404,15.684712322589364,22.36042648997236,-7.67571416738304
freeze_A0_seed1,freeze_A0,1,1,0,2800,periodic_full,1.0,0.097911227154047,,1,15.684712322589364,14.665691784385876,13.16171806572069,-1.0190205382034883,-1.5039737186651863
freeze_A0_seed1,freeze_A0,1,1,0,2800,periodic_full,1.0,0.097911227154047,,2,13.16171806572069,31.62056159549562,66.8686454125575,18.45884352977493,35.24808381706188
freeze_A0_seed1,freeze_A0,1,1,0,2900,first_val_acc_ge_0.10,1.0,0.10052219321148825,,0,1.0000000000000373,23.206381360655463,15.684787113304191,22.206381360655428,-7.521594247351272
freeze_A0_seed1,freeze_A0,1,1,0,2900,first_val_acc_ge_0.10,1.0,0.10052219321148825,,1,15.684787113304191,14.724239578408042,12.710267549177722,-0.9605475348961487,-2.0139720292303203
freeze_A0_seed1,freeze_A0,1,1,0,2900,first_val_acc_ge_0.10,1.0,0.10052219321148825,,2,12.710267549177722,30.033121860655548,59.92091948830653,17.322854311477826,29.887797627650983
freeze_A0_seed1,freeze_A0,1,1,0,2900,periodic_full,1.0,0.10052219321148825,,0,1.0000000000000373,23.206381360655463,15.684787113304191,22.206381360655428,-7.521594247351272
freeze_A0_seed1,freeze_A0,1,1,0,2900,periodic_full,1.0,0.10052219321148825,,1,15.684787113304191,14.724239578408042,12.710267549177722,-0.9605475348961487,-2.0139720292303203
freeze_A0_seed1,freeze_A0,1,1,0,2900,periodic_full,1.0,0.10052219321148825,,2,12.710267549177722,30.033121860655548,59.92091948830653,17.322854311477826,29.887797627650983
freeze_A0_seed1,freeze_A0,1,1,0,3000,periodic_full,1.0,0.1279373368146214,,0,1.000000000000037,23.207333027353158,15.708671053448368,22.207333027353123,-7.49866197390479
freeze_A0_seed1,freeze_A0,1,1,0,3000,periodic_full,1.0,0.1279373368146214,,1,15.708671053448368,14.771370021814322,12.76465436561085,-0.9373010316340462,-2.006715656203472
freeze_A0_seed1,freeze_A0,1,1,0,3000,periodic_full,1.0,0.1279373368146214,,2,12.76465436561085,29.841050844743133,59.70874503903165,17.076396479132285,29.867694194288514
freeze_A0_seed1,freeze_A0,1,1,0,3100,periodic_full,1.0,0.15013054830287206,,0,1.0000000000000442,23.14559994113079,15.80716372765465,22.145599941130747,-7.33843621347614
freeze_A0_seed1,freeze_A0,1,1,0,3100,periodic_full,1.0,0.15013054830287206,,1,15.80716372765465,14.84044146543562,12.862536062854563,-0.9667222622190312,-1.9779054025810563
freeze_A0_seed1,freeze_A0,1,1,0,3100,periodic_full,1.0,0.15013054830287206,,2,12.862536062854563,29.88959092377667,59.86959665993091,17.027054860922107,29.980005736154244
freeze_A0_seed1,freeze_A0,1,1,0,3200,periodic_full,1.0,0.24934725848563968,,0,1.0000000000000466,23.03194272908717,15.770874970444094,22.031942729087124,-7.261067758643076
freeze_A0_seed1,freeze_A0,1,1,0,3200,periodic_full,1.0,0.24934725848563968,,1,15.770874970444094,14.798738359435612,12.794593188787154,-0.9721366110084819,-2.0041451706484583
freeze_A0_seed1,freeze_A0,1,1,0,3200,periodic_full,1.0,0.24934725848563968,,2,12.794593188787154,29.06323386139615,57.23179518793811,16.268640672608996,28.168561326541962
freeze_A0_seed1,freeze_A0,1,1,0,3225,first_val_acc_ge_0.25,1.0,0.283289817232376,,0,1.0000000000000395,23.072520279319686,15.773526042309847,22.072520279319647,-7.29899423700984
freeze_A0_seed1,freeze_A0,1,1,0,3225,first_val_acc_ge_0.25,1.0,0.283289817232376,,1,15.773526042309847,14.758493006687212,12.788197954689865,-1.0150330356226345,-1.970295051997347
freeze_A0_seed1,freeze_A0,1,1,0,3225,first_val_acc_ge_0.25,1.0,0.283289817232376,,2,12.788197954689865,28.707589258744065,56.20903616939266,15.9193913040542,27.501446910648596
freeze_A0_seed1,freeze_A0,1,1,0,3300,first_val_acc_ge_0.50,1.0,0.639686684073107,,0,1.0000000000000373,23.278686166404054,15.822992740736382,22.278686166404015,-7.455693425667672
freeze_A0_seed1,freeze_A0,1,1,0,3300,first_val_acc_ge_0.50,1.0,0.639686684073107,,1,15.822992740736382,14.520226275717409,13.177945235081426,-1.3027664650189728,-1.3422810406359833
freeze_A0_seed1,freeze_A0,1,1,0,3300,first_val_acc_ge_0.50,1.0,0.639686684073107,,2,13.177945235081426,28.91704984588495,55.403364960523646,15.739104610803524,26.486315114638696
freeze_A0_seed1,freeze_A0,1,1,0,3300,periodic_full,1.0,0.639686684073107,,0,1.0000000000000373,23.278686166404054,15.822992740736382,22.278686166404015,-7.455693425667672
freeze_A0_seed1,freeze_A0,1,1,0,3300,periodic_full,1.0,0.639686684073107,,1,15.822992740736382,14.520226275717409,13.177945235081426,-1.3027664650189728,-1.3422810406359833
freeze_A0_seed1,freeze_A0,1,1,0,3300,periodic_full,1.0,0.639686684073107,,2,13.177945235081426,28.91704984588495,55.403364960523646,15.739104610803524,26.486315114638696
freeze_A0_seed1,freeze_A0,1,1,0,3350,first_val_acc_ge_0.75,1.0,0.804177545691906,,0,1.0000000000000393,23.02703957101391,15.913298931896275,22.02703957101387,-7.113740639117633
freeze_A0_seed1,freeze_A0,1,1,0,3350,first_val_acc_ge_0.75,1.0,0.804177545691906,,1,15.913298931896275,14.457883733961683,12.294554804416583,-1.4554151979345917,-2.1633289295451004
freeze_A0_seed1,freeze_A0,1,1,0,3350,first_val_acc_ge_0.75,1.0,0.804177545691906,,2,12.294554804416583,26.19190720115717,47.534745324198425,13.897352396740589,21.342838123041254
freeze_A0_seed1,freeze_A0,1,1,0,3400,first_val_acc_ge_0.90,1.0,0.9281984334203656,,0,1.0000000000000424,22.871822643505116,15.775541907206375,21.871822643505073,-7.096280736298741
freeze_A0_seed1,freeze_A0,1,1,0,3400,first_val_acc_ge_0.90,1.0,0.9281984334203656,,1,15.775541907206375,13.841297533657354,11.325405140761802,-1.9342443735490207,-2.5158923928955517
freeze_A0_seed1,freeze_A0,1,1,0,3400,first_val_acc_ge_0.90,1.0,0.9281984334203656,,2,11.325405140761802,22.863252027672132,39.466707861512724,11.53784688691033,16.60345583384059
freeze_A0_seed1,freeze_A0,1,1,0,3400,periodic_full,1.0,0.9281984334203656,,0,1.0000000000000424,22.871822643505116,15.775541907206375,21.871822643505073,-7.096280736298741
freeze_A0_seed1,freeze_A0,1,1,0,3400,periodic_full,1.0,0.9281984334203656,,1,15.775541907206375,13.841297533657354,11.325405140761802,-1.9342443735490207,-2.5158923928955517
freeze_A0_seed1,freeze_A0,1,1,0,3400,periodic_full,1.0,0.9281984334203656,,2,11.325405140761802,22.863252027672132,39.466707861512724,11.53784688691033,16.60345583384059
freeze_A0_seed1,freeze_A0,1,1,0,3425,first_val_acc_ge_0.95,1.0,0.95822454308094,,0,1.0000000000000433,22.779351557586878,15.595539730283729,21.779351557586835,-7.183811827303149
freeze_A0_seed1,freeze_A0,1,1,0,3425,first_val_acc_ge_0.95,1.0,0.95822454308094,,1,15.595539730283729,13.355805133899276,10.748875655363907,-2.2397345963844533,-2.6069294785353687
freeze_A0_seed1,freeze_A0,1,1,0,3425,first_val_acc_ge_0.95,1.0,0.95822454308094,,2,10.748875655363907,21.264931087036693,36.030226650023096,10.516055431672786,14.765295562986402
freeze_A0_seed1,freeze_A0,1,1,0,3500,periodic_full,1.0,0.9830287206266318,,0,1.0000000000000402,22.49973867130599,14.809913155807827,21.499738671305952,-7.689825515498164
freeze_A0_seed1,freeze_A0,1,1,0,3500,periodic_full,1.0,0.9830287206266318,,1,14.809913155807827,11.83444962750657,9.378260146881463,-2.9754635283012565,-2.456189480625108
freeze_A0_seed1,freeze_A0,1,1,0,3500,periodic_full,1.0,0.9830287206266318,,2,9.378260146881463,18.403070903295305,29.880406619750634,9.024810756413842,11.477335716455329
freeze_A0_seed1,freeze_A0,1,1,0,3600,periodic_full,1.0,0.9908616187989556,,0,1.00000000000004,22.102141731826215,13.753568437104086,21.102141731826176,-8.34857329472213
freeze_A0_seed1,freeze_A0,1,1,0,3600,periodic_full,1.0,0.9908616187989556,,1,13.753568437104086,10.600299784313123,8.67399596567004,-3.1532686527909632,-1.926303818643083
freeze_A0_seed1,freeze_A0,1,1,0,3600,periodic_full,1.0,0.9908616187989556,,2,8.67399596567004,17.141704414592724,26.46231247486764,8.467708448922684,9.320608060274918
freeze_A0_seed1,freeze_A0,1,1,0,3700,periodic_full,1.0,0.9986945169712794,,0,1.000000000000039,21.136009214587173,12.905842683158685,20.136009214587133,-8.230166531428488
freeze_A0_seed1,freeze_A0,1,1,0,3700,periodic_full,1.0,0.9986945169712794,,1,12.905842683158685,9.917676558743292,9.34429063606022,-2.988166124415393,-0.5733859226830713
freeze_A0_seed1,freeze_A0,1,1,0,3700,periodic_full,1.0,0.9986945169712794,,2,9.34429063606022,18.14074831479047,26.153368701615406,8.79645767873025,8.012620386824935
freeze_A0_seed1,freeze_A0,1,1,0,3800,periodic_full,1.0,0.9986945169712794,,0,1.0000000000000395,20.363558937078786,12.710531193573853,19.363558937078746,-7.653027743504932
freeze_A0_seed1,freeze_A0,1,1,0,3800,periodic_full,1.0,0.9986945169712794,,1,12.710531193573853,10.036592834967863,8.549335147849245,-2.673938358605991,-1.4872576871186176
freeze_A0_seed1,freeze_A0,1,1,0,3800,periodic_full,1.0,0.9986945169712794,,2,8.549335147849245,16.486886976205177,23.75092255459555,7.937551828355932,7.264035578390374
freeze_A0_seed1,freeze_A0,1,1,0,3900,periodic_full,1.0,0.9986945169712794,,0,1.0000000000000442,20.532409815450027,12.760643885824624,19.532409815449984,-7.771765929625403
freeze_A0_seed1,freeze_A0,1,1,0,3900,periodic_full,1.0,0.9986945169712794,,1,12.760643885824624,10.043572987238548,8.441915421336885,-2.7170708985860763,-1.6016575659016627
freeze_A0_seed1,freeze_A0,1,1,0,3900,periodic_full,1.0,0.9986945169712794,,2,8.441915421336885,15.796961323672244,22.4719309562919,7.355045902335359,6.674969632619655
freeze_A0_seed1,freeze_A0,1,1,0,4000,periodic_full,1.0,0.9986945169712794,,0,1.0000000000000477,20.88873132852457,12.878136453652564,19.888731328524525,-8.010594874872007
freeze_A0_seed1,freeze_A0,1,1,0,4000,periodic_full,1.0,0.9986945169712794,,1,12.878136453652564,10.080197569753722,8.423691920435,-2.7979388838988424,-1.6565056493187225
freeze_A0_seed1,freeze_A0,1,1,0,4000,periodic_full,1.0,0.9986945169712794,,2,8.423691920435,15.441896829968998,21.6456765390695,7.018204909533999,6.2037797091005
freeze_A0_seed1,freeze_A0,1,1,0,4100,periodic_full,1.0,0.9986945169712794,,0,1.0000000000000393,21.244843280686577,12.974487683649416,20.24484328068654,-8.270355597037161
freeze_A0_seed1,freeze_A0,1,1,0,4100,periodic_full,1.0,0.9986945169712794,,1,12.974487683649416,10.1250007454267,8.429277024894862,-2.849486938222716,-1.6957237205318378
freeze_A0_seed1,freeze_A0,1,1,0,4100,periodic_full,1.0,0.9986945169712794,,2,8.429277024894862,15.28653812459893,21.158475898921388,6.857261099704068,5.871937774322458
freeze_A0_seed1,freeze_A0,1,1,0,4200,periodic_full,1.0,0.9986945169712794,,0,1.0000000000000442,21.55563411228312,13.003988508796224,20.555634112283077,-8.551645603486895
freeze_A0_seed1,freeze_A0,1,1,0,4200,periodic_full,1.0,0.9986945169712794,,1,13.003988508796224,10.160233714815668,8.443201640669312,-2.8437547939805565,-1.7170320741463563
freeze_A0_seed1,freeze_A0,1,1,0,4200,periodic_full,1.0,0.9986945169712794,,2,8.443201640669312,15.246576444014776,20.919532031194073,6.803374803345465,5.672955587179297
freeze_A0_seed1,freeze_A0,1,1,0,4300,periodic_full,1.0,0.9986945169712794,,0,1.0000000000000349,21.8031430974326,12.96112507230643,20.803143097432564,-8.842018025126169
freeze_A0_seed1,freeze_A0,1,1,0,4300,periodic_full,1.0,0.9986945169712794,,1,12.96112507230643,10.180599740156175,8.463555584819709,-2.7805253321502548,-1.7170441553364668
freeze_A0_seed1,freeze_A0,1,1,0,4300,periodic_full,1.0,0.9986945169712794,,2,8.463555584819709,15.272673088838822,20.854107395062723,6.809117504019113,5.581434306223901
freeze_A0_seed1,freeze_A0,1,1,0,4400,periodic_full,1.0,0.9986945169712794,,0,1.0000000000000389,21.973398097492474,12.873230909782949,20.973398097492435,-9.100167187709525
freeze_A0_seed1,freeze_A0,1,1,0,4400,periodic_full,1.0,0.9986945169712794,,1,12.873230909782949,10.18711897706511,8.485813645287926,-2.6861119327178393,-1.7013053317771831
freeze_A0_seed1,freeze_A0,1,1,0,4400,periodic_full,1.0,0.9986945169712794,,2,8.485813645287926,15.330979184301022,20.89352787110142,6.845165539013095,5.5625486868003975
freeze_A0_seed1,freeze_A0,1,1,0,4500,periodic_full,1.0,0.9986945169712794,,0,1.0000000000000406,22.076520178631984,12.78214113777501,21.076520178631945,-9.294379040856974
freeze_A0_seed1,freeze_A0,1,1,0,4500,periodic_full,1.0,0.9986945169712794,,1,12.78214113777501,10.186642943695123,8.508142412573365,-2.5954981940798874,-1.6785005311217578
freeze_A0_seed1,freeze_A0,1,1,0,4500,periodic_full,1.0,0.9986945169712794,,2,8.508142412573365,15.398026314783095,20.98531702244057,6.88988390220973,5.587290707657473
freeze_A0_seed1,freeze_A0,1,1,0,4600,periodic_full,1.0,0.9986945169712794,,0,1.0000000000000437,22.12189032576169,12.706643750603684,21.121890325761647,-9.415246575158006
freeze_A0_seed1,freeze_A0,1,1,0,4600,periodic_full,1.0,0.9986945169712794,,1,12.706643750603684,10.181128893126616,8.527117838049017,-2.5255148574770683,-1.6540110550775982
freeze_A0_seed1,freeze_A0,1,1,0,4600,periodic_full,1.0,0.9986945169712794,,2,8.527117838049017,15.460703019596274,21.0909361910811,6.933585181547256,5.630233171484825
freeze_A0_seed1,freeze_A0,1,1,0,4700,periodic_full,1.0,0.9934725848563969,,0,1.000000000000042,21.227901995772772,12.691962193603255,20.22790199577273,-8.535939802169517
freeze_A0_seed1,freeze_A0,1,1,0,4700,periodic_full,1.0,0.9934725848563969,,1,12.691962193603255,9.98905574762238,9.79350301102194,-2.702906445980874,-0.19555273660044037
freeze_A0_seed1,freeze_A0,1,1,0,4700,periodic_full,1.0,0.9934725848563969,,2,9.79350301102194,16.589827894070524,22.588710301299155,6.796324883048584,5.998882407228631
freeze_A0_seed1,freeze_A0,1,1,0,4800,periodic_full,1.0,0.9960835509138382,,0,1.0000000000000355,20.039368903400675,12.452051582151833,19.03936890340064,-7.587317321248841
freeze_A0_seed1,freeze_A0,1,1,0,4800,periodic_full,1.0,0.9960835509138382,,1,12.452051582151833,10.150185774322619,8.832146990339842,-2.3018658078292145,-1.318038783982777
freeze_A0_seed1,freeze_A0,1,1,0,4800,periodic_full,1.0,0.9960835509138382,,2,8.832146990339842,15.155561746994987,21.314324090772526,6.323414756655145,6.158762343777539
freeze_A0_seed1,freeze_A0,1,1,0,4900,periodic_full,1.0,0.9973890339425587,,0,1.0000000000000395,19.98805470708885,12.10081470553569,18.98805470708881,-7.88724000155316
freeze_A0_seed1,freeze_A0,1,1,0,4900,periodic_full,1.0,0.9973890339425587,,1,12.10081470553569,10.19040324184437,8.584932900647747,-1.9104114636913199,-1.6054703411966234
freeze_A0_seed1,freeze_A0,1,1,0,4900,periodic_full,1.0,0.9973890339425587,,2,8.584932900647747,14.601972689182578,19.908761593669198,6.017039788534831,5.30678890448662
freeze_A0_seed1,freeze_A0,1,1,0,5000,periodic_full,1.0,0.9986945169712794,,0,1.0000000000000402,20.23484253173755,11.543529118831033,19.23484253173751,-8.691313412906515
freeze_A0_seed1,freeze_A0,1,1,0,5000,periodic_full,1.0,0.9986945169712794,,1,11.543529118831033,10.122169533075153,8.58234407956857,-1.42135958575588,-1.5398254535065838
freeze_A0_seed1,freeze_A0,1,1,0,5000,periodic_full,1.0,0.9986945169712794,,2,8.58234407956857,14.65089126936782,19.31938819537585,6.068547189799251,4.6684969260080305
freeze_A0_seed1,freeze_A0,1,1,0,5100,periodic_full,1.0,0.9986945169712794,,0,1.0000000000000415,20.628926663615687,11.103050460003773,19.628926663615644,-9.525876203611913
freeze_A0_seed1,freeze_A0,1,1,0,5100,periodic_full,1.0,0.9986945169712794,,1,11.103050460003773,10.030655388774417,8.603634453078485,-1.0723950712293568,-1.427020935695932
freeze_A0_seed1,freeze_A0,1,1,0,5100,periodic_full,1.0,0.9986945169712794,,2,8.603634453078485,14.883149169906845,19.276654061894412,6.279514716828361,4.3935048919875666
freeze_A0_seed1,freeze_A0,1,1,0,5200,periodic_full,1.0,0.9973890339425587,,0,1.0000000000000404,21.067421093787374,10.889962169775176,20.067421093787335,-10.177458924012198
freeze_A0_seed1,freeze_A0,1,1,0,5200,periodic_full,1.0,0.9973890339425587,,1,10.889962169775176,9.923887833175376,8.60748554156549,-0.9660743365997995,-1.3164022916098865
freeze_A0_seed1,freeze_A0,1,1,0,5200,periodic_full,1.0,0.9973890339425587,,2,8.60748554156549,15.09201336335271,19.414734082976477,6.4845278217872195,4.322720719623767
freeze_A0_seed1,freeze_A0,1,1,0,5300,periodic_full,1.0,0.9973890339425587,,0,1.0000000000000393,21.489285753521948,10.829833299572423,20.48928575352191,-10.659452453949525
freeze_A0_seed1,freeze_A0,1,1,0,5300,periodic_full,1.0,0.9973890339425587,,1,10.829833299572423,9.855039420760262,8.604811960505936,-0.9747938788121608,-1.250227460254326
freeze_A0_seed1,freeze_A0,1,1,0,5300,periodic_full,1.0,0.9973890339425587,,2,8.604811960505936,15.255757751750012,19.609612100499483,6.650945791244077,4.35385434874947
freeze_A0_seed1,freeze_A0,1,1,0,5400,periodic_full,1.0,0.9973890339425587,,0,1.0000000000000422,21.83815556636579,10.819541043887417,20.838155566365746,-11.018614522478371
freeze_A0_seed1,freeze_A0,1,1,0,5400,periodic_full,1.0,0.9973890339425587,,1,10.819541043887417,9.806292888379966,8.597177439697234,-1.0132481555074513,-1.2091154486827325
freeze_A0_seed1,freeze_A0,1,1,0,5400,periodic_full,1.0,0.9973890339425587,,2,8.597177439697234,15.382200672757705,19.80970955858294,6.785023233060471,4.427508885825237
freeze_A0_seed1,freeze_A0,1,1,0,5500,periodic_full,1.0,0.9973890339425587,,0,1.0000000000000413,22.09743651455716,10.819159272841906,21.097436514557117,-11.278277241715253
freeze_A0_seed1,freeze_A0,1,1,0,5500,periodic_full,1.0,0.9973890339425587,,1,10.819159272841906,9.772294280670991,8.591329509153901,-1.0468649921709154,-1.1809647715170897
freeze_A0_seed1,freeze_A0,1,1,0,5500,periodic_full,1.0,0.9973890339425587,,2,8.591329509153901,15.481805694188544,19.994451062990294,6.890476185034643,4.512645368801749
freeze_A0_seed1,freeze_A0,1,1,0,5600,periodic_full,1.0,0.9986945169712794,,0,1.000000000000041,22.280111932221576,10.821697787366555,21.280111932221534,-11.458414144855022
freeze_A0_seed1,freeze_A0,1,1,0,5600,periodic_full,1.0,0.9986945169712794,,1,10.821697787366555,9.752335826913582,8.592618006955608,-1.069361960452973,-1.159717819957974
freeze_A0_seed1,freeze_A0,1,1,0,5600,periodic_full,1.0,0.9986945169712794,,2,8.592618006955608,15.570283427992454,20.17078013530912,6.977665421036846,4.600496707316665
freeze_A0_seed1,freeze_A0,1,1,0,5700,periodic_full,1.0,0.9973890339425587,,0,1.0000000000000402,22.404615715996886,10.827716239082157,21.404615715996847,-11.576899476914729
freeze_A0_seed1,freeze_A0,1,1,0,5700,periodic_full,1.0,0.9973890339425587,,1,10.827716239082157,9.742526355982395,8.601800816428314,-1.085189883099762,-1.1407255395540812
freeze_A0_seed1,freeze_A0,1,1,0,5700,periodic_full,1.0,0.9973890339425587,,2,8.601800816428314,15.659841770971717,20.342028466890127,7.058040954543403,4.682186695918411
freeze_A0_seed1,freeze_A0,1,1,0,5800,periodic_full,1.0,0.9973890339425587,,0,1.0000000000000415,22.48987578348754,10.840367952490332,21.4898757834875,-11.649507830997209
freeze_A0_seed1,freeze_A0,1,1,0,5800,periodic_full,1.0,0.9973890339425587,,1,10.840367952490332,9.740995751495642,8.6184532404498,-1.09937220099469,-1.1225425110458431
freeze_A0_seed1,freeze_A0,1,1,0,5800,periodic_full,1.0,0.9973890339425587,,2,8.6184532404498,15.752063290341638,20.507224229290845,7.133610049891839,4.755160938949206
freeze_A0_seed1,freeze_A0,1,1,0,5900,periodic_full,1.0,0.9973890339425587,,0,1.0000000000000508,22.53943232548205,10.859686528832656,21.539432325482,-11.679745796649394
freeze_A0_seed1,freeze_A0,1,1,0,5900,periodic_full,1.0,0.9973890339425587,,1,10.859686528832656,9.73986246945396,8.633340776723971,-1.1198240593786952,-1.1065216927299897
freeze_A0_seed1,freeze_A0,1,1,0,5900,periodic_full,1.0,0.9973890339425587,,2,8.633340776723971,15.831905884439925,20.639799013549844,7.198565107715954,4.807893129109919
freeze_A0_seed1,freeze_A0,1,1,0,6000,periodic_full,1.0,0.9986945169712794,,0,1.0000000000000393,22.550381454212815,10.886657493168745,21.550381454212776,-11.66372396104407
freeze_A0_seed1,freeze_A0,1,1,0,6000,periodic_full,1.0,0.9986945169712794,,1,10.886657493168745,9.734952330318988,8.641911876439535,-1.1517051628497565,-1.0930404538794534
freeze_A0_seed1,freeze_A0,1,1,0,6000,periodic_full,1.0,0.9986945169712794,,2,8.641911876439535,15.887225004658088,20.73113579646225,7.2453131282185534,4.843910791804163
freeze_A0_seed1,freeze_A0,1,1,0,6100,periodic_full,1.0,1.0,,0,1.0000000000000409,22.542130144277827,10.926015185812645,21.542130144277785,-11.616114958465182
freeze_A0_seed1,freeze_A0,1,1,0,6100,periodic_full,1.0,1.0,,1,10.926015185812645,9.73471559186036,8.646318118205537,-1.1912995939522855,-1.0883974736548225
freeze_A0_seed1,freeze_A0,1,1,0,6100,periodic_full,1.0,1.0,,2,8.646318118205537,15.914843175449858,20.81795250787829,7.268525057244322,4.90310933242843
freeze_A0_seed1,freeze_A0,1,1,0,6200,periodic_full,1.0,1.0,,0,1.0000000000000386,22.5197566178308,10.987995723754837,21.51975661783076,-11.531760894075964
freeze_A0_seed1,freeze_A0,1,1,0,6200,periodic_full,1.0,1.0,,1,10.987995723754837,9.738682881490597,8.647602492504664,-1.2493128422642403,-1.091080388985933
freeze_A0_seed1,freeze_A0,1,1,0,6200,periodic_full,1.0,1.0,,2,8.647602492504664,15.917738561644853,20.929140364497744,7.2701360691401895,5.011401802852891
freeze_A0_seed1,freeze_A0,1,1,0,6300,periodic_full,1.0,1.0,,0,1.0000000000000369,22.47643725549428,11.08453305686176,21.476437255494243,-11.391904198632519
freeze_A0_seed1,freeze_A0,1,1,0,6300,periodic_full,1.0,1.0,,1,11.08453305686176,9.748546588229805,8.649949081303454,-1.3359864686319547,-1.0985975069263514
freeze_A0_seed1,freeze_A0,1,1,0,6300,periodic_full,1.0,1.0,,2,8.649949081303454,15.895571741044044,21.141784946604606,7.24562265974059,5.2462132055605615
freeze_A0_seed1,freeze_A0,1,1,0,6400,periodic_full,1.0,1.0,,0,1.000000000000043,22.379945420748886,11.21094598568735,21.379945420748843,-11.168999435061536
freeze_A0_seed1,freeze_A0,1,1,0,6400,periodic_full,1.0,1.0,,1,11.21094598568735,9.759155515029295,8.651630026095267,-1.4517904706580538,-1.1075254889340282
freeze_A0_seed1,freeze_A0,1,1,0,6400,periodic_full,1.0,1.0,,2,8.651630026095267,15.816203705805947,21.49639827193774,7.16457367971068,5.680194566131792
freeze_A0_seed1,freeze_A0,1,1,0,6500,periodic_full,1.0,0.9973890339425587,,0,1.000000000000046,20.694384926194022,11.748656789923624,19.694384926193976,-8.945728136270398
freeze_A0_seed1,freeze_A0,1,1,0,6500,periodic_full,1.0,0.9973890339425587,,1,11.748656789923624,10.271738076750253,9.00906864355518,-1.4769187131733705,-1.2626694331950734
freeze_A0_seed1,freeze_A0,1,1,0,6500,periodic_full,1.0,0.9973890339425587,,2,9.00906864355518,16.17076580927676,21.680746284457953,7.161697165721579,5.5099804751811945
freeze_A0_seed1,freeze_A0,1,1,0,6600,periodic_full,1.0,1.0,,0,1.0000000000000406,20.28478314139599,10.873980273690167,19.284783141395952,-9.410802867705824
freeze_A0_seed1,freeze_A0,1,1,0,6600,periodic_full,1.0,1.0,,1,10.873980273690167,9.722937005017577,8.789143152797333,-1.1510432686725895,-0.9337938522202442
freeze_A0_seed1,freeze_A0,1,1,0,6600,periodic_full,1.0,1.0,,2,8.789143152797333,15.75991441797183,20.448772950445303,6.970771265174497,4.688858532473473
freeze_A0_seed1,freeze_A0,1,1,0,6700,periodic_full,1.0,0.9986945169712794,,0,1.0000000000000466,20.241805284344714,10.353801079621958,19.241805284344668,-9.888004204722757
freeze_A0_seed1,freeze_A0,1,1,0,6700,periodic_full,1.0,0.9986945169712794,,1,10.353801079621958,9.630471205493201,8.63245161581587,-0.7233298741287566,-0.9980195896773303
freeze_A0_seed1,freeze_A0,1,1,0,6700,periodic_full,1.0,0.9986945169712794,,2,8.63245161581587,15.903759816425097,20.540351540476287,7.2713082006092264,4.63659172405119
freeze_A0_seed1,freeze_A0,1,1,0,6800,periodic_full,1.0,1.0,,0,1.0000000000000437,20.36656443528799,10.230780060606563,19.36656443528795,-10.135784374681428
freeze_A0_seed1,freeze_A0,1,1,0,6800,periodic_full,1.0,1.0,,1,10.230780060606563,9.613969632285821,8.577383502292,-0.6168104283207416,-1.0365861299938217
freeze_A0_seed1,freeze_A0,1,1,0,6800,periodic_full,1.0,1.0,,2,8.577383502292,15.96658017819657,20.622110999123997,7.3891966759045715,4.655530820927426
freeze_A0_seed1,freeze_A0,1,1,0,6900,periodic_full,1.0,1.0,,0,1.000000000000039,20.658403518231683,10.218625395184658,19.658403518231644,-10.439778123047025
freeze_A0_seed1,freeze_A0,1,1,0,6900,periodic_full,1.0,1.0,,1,10.218625395184658,9.528874233170637,8.534523289757487,-0.6897511620140211,-0.9943509434131492
freeze_A0_seed1,freeze_A0,1,1,0,6900,periodic_full,1.0,1.0,,2,8.534523289757487,15.912100064804358,20.532958097263407,7.377576775046871,4.620858032459049
freeze_A0_seed1,freeze_A0,1,1,0,7000,periodic_full,1.0,1.0,,0,1.000000000000035,21.117478062609855,10.258099012287522,20.11747806260982,-10.859379050322334
freeze_A0_seed1,freeze_A0,1,1,0,7000,periodic_full,1.0,1.0,,1,10.258099012287522,9.454857451612247,8.498153864756695,-0.803241560675275,-0.9567035868555518
freeze_A0_seed1,freeze_A0,1,1,0,7000,periodic_full,1.0,1.0,,2,8.498153864756695,15.82378875729773,20.364049303112346,7.325634892541036,4.540260545814615
freeze_A0_seed1,freeze_A0,1,1,0,7100,periodic_full,1.0,1.0,,0,1.000000000000039,21.654183095551794,10.321292199053724,20.654183095551755,-11.33289089649807
freeze_A0_seed1,freeze_A0,1,1,0,7100,periodic_full,1.0,1.0,,1,10.321292199053724,9.409835626966386,8.471978322136122,-0.9114565720873387,-0.9378573048302634
freeze_A0_seed1,freeze_A0,1,1,0,7100,periodic_full,1.0,1.0,,2,8.471978322136122,15.733472858839233,20.195210661834412,7.261494536703111,4.461737802995179
freeze_A0_seed1,freeze_A0,1,1,0,7200,periodic_full,1.0,1.0,,0,1.0000000000000404,22.148441096841136,10.386422258376337,21.148441096841097,-11.7620188384648
freeze_A0_seed1,freeze_A0,1,1,0,7200,periodic_full,1.0,1.0,,1,10.386422258376337,9.383766675343635,8.45559077063098,-1.002655583032702,-0.9281759047126545
freeze_A0_seed1,freeze_A0,1,1,0,7200,periodic_full,1.0,1.0,,2,8.45559077063098,15.649607593012934,20.058288194302744,7.194016822381954,4.408680601289809
freeze_A0_seed1,freeze_A0,1,1,0,7300,periodic_full,1.0,1.0,,0,1.0000000000000426,22.546634393917017,10.442572904058004,21.546634393916975,-12.104061489859014
freeze_A0_seed1,freeze_A0,1,1,0,7300,periodic_full,1.0,1.0,,1,10.442572904058004,9.36539437156245,8.445406181096018,-1.0771785324955534,-0.919988190466432
freeze_A0_seed1,freeze_A0,1,1,0,7300,periodic_full,1.0,1.0,,2,8.445406181096018,15.570740040804305,19.951964659204997,7.125333859708286,4.381224618400692
freeze_A0_seed1,freeze_A0,1,1,0,7400,periodic_full,1.0,1.0,,0,1.0000000000000377,22.84276536124626,10.48981950860747,21.842765361246222,-12.352945852638792
freeze_A0_seed1,freeze_A0,1,1,0,7400,periodic_full,1.0,1.0,,1,10.48981950860747,9.34966576165778,8.438971340855035,-1.1401537469496894,-0.910694420802745
freeze_A0_seed1,freeze_A0,1,1,0,7400,periodic_full,1.0,1.0,,2,8.438971340855035,15.502933476126346,19.885554671483742,7.063962135271311,4.382621195357396
freeze_A0_seed1,freeze_A0,1,1,0,7500,periodic_full,1.0,1.0,,0,1.0000000000000442,23.052901351548318,10.535280288969394,22.052901351548275,-12.517621062578923
freeze_A0_seed1,freeze_A0,1,1,0,7500,periodic_full,1.0,1.0,,1,10.535280288969394,9.334097091371161,8.435183580933,-1.2011831975982332,-0.8989135104381614
freeze_A0_seed1,freeze_A0,1,1,0,7500,periodic_full,1.0,1.0,,2,8.435183580933,15.441929964720456,19.85804697124419,7.006746383787457,4.4161170065237325
freeze_A0_seed1,freeze_A0,1,1,0,7600,periodic_full,1.0,1.0,,0,1.0000000000000366,23.200019475509887,10.59265995807677,22.20001947550985,-12.607359517433117
freeze_A0_seed1,freeze_A0,1,1,0,7600,periodic_full,1.0,1.0,,1,10.59265995807677,9.322992169591634,8.436249533655888,-1.269667788485135,-0.8867426359357466
freeze_A0_seed1,freeze_A0,1,1,0,7600,periodic_full,1.0,1.0,,2,8.436249533655888,15.388326454248894,19.878387441852286,6.952076920593006,4.490060987603393
freeze_A0_seed1,freeze_A0,1,1,0,7700,periodic_full,1.0,0.9947780678851175,,0,1.0000000000000315,22.798889882202584,11.043085076804273,21.798889882202552,-11.755804805398311
freeze_A0_seed1,freeze_A0,1,1,0,7700,periodic_full,1.0,0.9947780678851175,,1,11.043085076804273,9.709096046202236,9.426231783455295,-1.3339890306020372,-0.28286426274694065
freeze_A0_seed1,freeze_A0,1,1,0,7700,periodic_full,1.0,0.9947780678851175,,2,9.426231783455295,16.31745857550111,22.3717031359457,6.891226792045815,6.054244560444591
freeze_A0_seed1,freeze_A0,1,1,0,7800,periodic_full,1.0,1.0,,0,1.000000000000037,20.99410964352544,9.39952575970418,19.994109643525405,-11.594583883821262
freeze_A0_seed1,freeze_A0,1,1,0,7800,periodic_full,1.0,1.0,,1,9.39952575970418,8.895181109237189,8.5419514652606,-0.5043446504669902,-0.3532296439765883
freeze_A0_seed1,freeze_A0,1,1,0,7800,periodic_full,1.0,1.0,,2,8.5419514652606,16.583484768624388,21.182329990978708,8.041533303363787,4.598845222354321
freeze_A0_seed1,freeze_A0,1,1,0,7900,periodic_full,1.0,1.0,,0,1.0000000000000402,20.780819824542444,8.981137399748848,19.780819824542405,-11.799682424793597
freeze_A0_seed1,freeze_A0,1,1,0,7900,periodic_full,1.0,1.0,,1,8.981137399748848,7.998613523414365,8.179134530157773,-0.9825238763344828,0.1805210067434082
freeze_A0_seed1,freeze_A0,1,1,0,7900,periodic_full,1.0,1.0,,2,8.179134530157773,16.200611065821715,21.46090013865976,8.021476535663941,5.260289072838045
freeze_A0_seed1,freeze_A0,1,1,0,8000,periodic_full,1.0,1.0,,0,1.000000000000043,20.71755279903643,9.27957830866399,19.717552799036387,-11.43797449037244
freeze_A0_seed1,freeze_A0,1,1,0,8000,periodic_full,1.0,1.0,,1,9.27957830866399,8.51812848454245,8.282377129607184,-0.7614498241215397,-0.23575135493526567
freeze_A0_seed1,freeze_A0,1,1,0,8000,periodic_full,1.0,1.0,,2,8.282377129607184,15.964471389403158,21.362151021601818,7.682094259795974,5.39767963219866
freeze_A0_seed1,freeze_A0,1,1,0,8100,periodic_full,1.0,0.9986945169712794,,0,1.0000000000000409,20.74047958171702,9.489742489096614,19.740479581716983,-11.250737092620408
freeze_A0_seed1,freeze_A0,1,1,0,8100,periodic_full,1.0,0.9986945169712794,,1,9.489742489096614,8.799786324480854,8.335670498983504,-0.6899561646157597,-0.4641158254973501
freeze_A0_seed1,freeze_A0,1,1,0,8100,periodic_full,1.0,0.9986945169712794,,2,8.335670498983504,15.678191943492857,20.94032071654094,7.342521444509353,5.262128773048081
freeze_A0_seed1,freeze_A0,1,1,0,8200,periodic_full,1.0,0.9960835509138382,,0,1.0000000000000375,20.89885367195273,9.602545478294298,19.89885367195269,-11.296308193658431
freeze_A0_seed1,freeze_A0,1,1,0,8200,periodic_full,1.0,0.9960835509138382,,1,9.602545478294298,8.881796365485497,8.34101428512364,-0.7207491128088002,-0.5407820803618577
freeze_A0_seed1,freeze_A0,1,1,0,8200,periodic_full,1.0,0.9960835509138382,,2,8.34101428512364,15.459136498454276,20.504437515790976,7.118122213330636,5.0453010173366994
freeze_A0_seed1,freeze_A0,1,1,0,8300,periodic_full,1.0,0.9973890339425587,,0,1.0000000000000424,21.20299563277105,9.68699148290614,20.202995632771007,-11.516004149864909
freeze_A0_seed1,freeze_A0,1,1,0,8300,periodic_full,1.0,0.9973890339425587,,1,9.68699148290614,8.902483817772485,8.331259685634489,-0.7845076651336562,-0.5712241321379956
freeze_A0_seed1,freeze_A0,1,1,0,8300,periodic_full,1.0,0.9973890339425587,,2,8.331259685634489,15.306034550153443,20.168067991612656,6.974774864518954,4.862033441459213
freeze_A0_seed1,freeze_A0,1,1,0,8400,periodic_full,1.0,0.9986945169712794,,0,1.0000000000000362,21.572584925915983,9.769307809770824,20.572584925915947,-11.803277116145159
freeze_A0_seed1,freeze_A0,1,1,0,8400,periodic_full,1.0,0.9986945169712794,,1,9.769307809770824,8.91571480184066,8.324933650442818,-0.853593007930165,-0.5907811513978416
freeze_A0_seed1,freeze_A0,1,1,0,8400,periodic_full,1.0,0.9986945169712794,,2,8.324933650442818,15.189909534705523,19.929809726048294,6.864975884262705,4.739900191342771
freeze_A0_seed1,freeze_A0,1,1,0,8400,final,1.0,0.9986945169712794,,0,1.0000000000000362,21.572584925915983,9.769307809770824,20.572584925915947,-11.803277116145159
freeze_A0_seed1,freeze_A0,1,1,0,8400,final,1.0,0.9986945169712794,,1,9.769307809770824,8.91571480184066,8.324933650442818,-0.853593007930165,-0.5907811513978416
freeze_A0_seed1,freeze_A0,1,1,0,8400,final,1.0,0.9986945169712794,,2,8.324933650442818,15.189909534705523,19.929809726048294,6.864975884262705,4.739900191342771
freeze_A0_seed1,freeze_A0,1,1,0,3750,best_val,,1.0,0.994630271842488,0,1.0000000000000435,20.553392028446222,12.771275326542131,19.55339202844618,-7.782116701904091
freeze_A0_seed1,freeze_A0,1,1,0,3750,best_val,,1.0,0.994630271842488,1,12.771275326542131,10.016085038739687,8.774562233506408,-2.755190287802444,-1.241522805233279
freeze_A0_seed1,freeze_A0,1,1,0,3750,best_val,,1.0,0.994630271842488,2,8.774562233506408,17.119669759000054,24.72983563435817,8.345107525493646,7.610165875358117
