run_name,variant,seed,epoch,step,train_loss,val_loss,test_loss,train_acc,val_acc,test_acc,best_val_acc_so_far,learning_rate,weight_decay,elapsed_time_seconds
freeze_A0_seed1,freeze_A0,1,1,12,4.740894794464111,4.753618876139323,4.749145112718854,0.00881201044386423,0.006527415143603133,0.007271506879964202,0.006527415143603133,0.0003,1.0,0.8384513854980469
freeze_A0_seed1,freeze_A0,1,25,300,3.8710838556289673,6.0159759521484375,6.0740176337105884,0.10900783289817233,0.0,0.002684864078756013,0.006527415143603133,0.0003,1.0,6.3930888175964355
freeze_A0_seed1,freeze_A0,1,50,600,1.4191484252611797,10.52667236328125,10.915492711748396,0.631201044386423,0.006527415143603133,0.0030204720886005147,0.006527415143603133,0.0003,1.0,11.234655380249023
freeze_A0_seed1,freeze_A0,1,75,900,0.28570551921923953,14.748527844746908,15.265582874843053,0.9699738903394256,0.0026109660574412533,0.0032442107618301822,0.006527415143603133,0.0003,1.0,14.968420505523682
freeze_A0_seed1,freeze_A0,1,100,1200,0.21332711850603422,15.009554862976074,15.51262651171003,0.9768276762402088,0.0039164490861618795,0.004251034791363687,0.006527415143603133,0.0003,1.0,18.453766584396362
freeze_A0_seed1,freeze_A0,1,125,1500,0.1957553761700789,14.038824717203775,14.390188108171735,0.985313315926893,0.0039164490861618795,0.004922250811052691,0.006527415143603133,0.0003,1.0,25.316603183746338
freeze_A0_seed1,freeze_A0,1,150,1800,0.08213566057384014,13.905295372009277,14.188435745239257,0.9996736292428199,0.005221932114882507,0.004474773464593355,0.006527415143603133,0.0003,1.0,30.347050666809082
freeze_A0_seed1,freeze_A0,1,175,2100,0.2865561631818612,13.388046900431315,13.816186932155064,0.9585509138381201,0.0026109660574412533,0.004474773464593355,0.006527415143603133,0.0003,1.0,36.768625020980835
freeze_A0_seed1,freeze_A0,1,200,2400,0.06803503632545471,13.394035657246908,13.721699850899833,1.0,0.0026109660574412533,0.004474773464593355,0.006527415143603133,0.0003,1.0,42.16409969329834
freeze_A0_seed1,freeze_A0,1,225,2700,0.19020480662584305,13.629400889078775,13.89098072052002,0.9794386422976501,0.0039164490861618795,0.005257858820897192,0.006527415143603133,0.0003,1.0,47.59022760391235
freeze_A0_seed1,freeze_A0,1,250,3000,0.0553254084661603,13.32461675008138,13.594202041625977,1.0,0.0039164490861618795,0.005705336167356527,0.006527415143603133,0.0003,1.0,53.15714406967163
freeze_A0_seed1,freeze_A0,1,275,3300,0.10211029276251793,13.61873690287272,13.95714966910226,0.9895561357702349,0.007832898172323759,0.004362904127978521,0.007832898172323759,0.0003,1.0,56.65792775154114
freeze_A0_seed1,freeze_A0,1,300,3600,0.05244572088122368,13.33326276143392,13.608130809238979,0.9996736292428199,0.0026109660574412533,0.005257858820897192,0.007832898172323759,0.0003,1.0,60.37043118476868
freeze_A0_seed1,freeze_A0,1,325,3900,0.047886411348978676,13.06567414601644,13.316271482195173,1.0,0.0039164490861618795,0.005145989484282358,0.007832898172323759,0.0003,1.0,67.35257816314697
freeze_A0_seed1,freeze_A0,1,350,4200,0.24312934279441833,13.428592046101889,13.833819334847586,0.9572454308093995,0.0039164490861618795,0.005257858820897192,0.007832898172323759,0.0003,1.0,73.81391501426697
freeze_A0_seed1,freeze_A0,1,375,4500,0.0421218192204833,12.77913506825765,13.057487869262696,1.0,0.007832898172323759,0.005593466830741693,0.007832898172323759,0.0003,1.0,80.19584608078003
freeze_A0_seed1,freeze_A0,1,400,4800,0.04161629049728314,12.933823267618815,13.2373325075422,1.0,0.007832898172323759,0.00548159749412686,0.007832898172323759,0.0003,1.0,87.65653729438782
freeze_A0_seed1,freeze_A0,1,425,5100,0.03515831691523393,13.349674860636393,13.670705986022949,1.0,0.007832898172323759,0.005705336167356527,0.007832898172323759,0.0003,1.0,94.3509452342987
freeze_A0_seed1,freeze_A0,1,450,5400,0.4409026503562927,11.606098492940268,12.012451280866351,0.9089425587467362,0.010443864229765013,0.005705336167356527,0.010443864229765013,0.0003,1.0,99.08109164237976
freeze_A0_seed1,freeze_A0,1,475,5700,0.03390725174297889,12.57295290629069,13.026893070765905,1.0,0.009138381201044387,0.007383376216579036,0.010443864229765013,0.0003,1.0,105.98569750785828
freeze_A0_seed1,freeze_A0,1,500,6000,0.03880046804745992,12.41939608256022,12.86663270677839,1.0,0.010443864229765013,0.006040944177201029,0.010443864229765013,0.0003,1.0,113.17891645431519
freeze_A0_seed1,freeze_A0,1,525,6300,0.03316023231794437,12.819415728251139,13.291064180646623,1.0,0.010443864229765013,0.0069358988701197005,0.010443864229765013,0.0003,1.0,118.02718663215637
freeze_A0_seed1,freeze_A0,1,550,6600,0.08997210053106149,12.67560895284017,13.053346633911133,0.9921671018276762,0.009138381201044387,0.008278330909497707,0.010443864229765013,0.0003,1.0,122.65948176383972
freeze_A0_seed1,freeze_A0,1,575,6900,0.03796835274746021,12.240551312764486,12.563884571620397,1.0,0.013054830287206266,0.007830853563038372,0.013054830287206266,0.0003,1.0,126.10451173782349
freeze_A0_seed1,freeze_A0,1,600,7200,0.03388251053790251,12.572255452473959,12.91780332837786,1.0,0.013054830287206266,0.008166461572882873,0.013054830287206266,0.0003,1.0,129.9780433177948
freeze_A0_seed1,freeze_A0,1,625,7500,1.2558514773845673,11.498056093851725,11.704133687700544,0.6524151436031331,0.010443864229765013,0.00894954692918671,0.013054830287206266,0.0003,1.0,136.90650153160095
freeze_A0_seed1,freeze_A0,1,650,7800,0.03481446641186873,12.10673459370931,12.482891028267996,1.0,0.014360313315926894,0.00950889361226088,0.014360313315926894,0.0003,1.0,142.1947422027588
freeze_A0_seed1,freeze_A0,1,675,8100,0.03471927965680758,12.194707552591959,12.571711649213519,1.0,0.015665796344647518,0.009397024275646046,0.015665796344647518,0.0003,1.0,148.02718496322632
freeze_A0_seed1,freeze_A0,1,700,8400,0.03135498519986868,12.14199129740397,12.602870259966169,1.0,0.014360313315926894,0.010851325651638885,0.015665796344647518,0.0003,1.0,155.16587734222412
freeze_A0_seed1,freeze_A0,1,725,8700,0.03653714961061875,11.685502370198568,12.167712838309152,1.0,0.013054830287206266,0.011075064324868553,0.015665796344647518,0.0003,1.0,162.02521419525146
freeze_A0_seed1,freeze_A0,1,750,9000,0.055388811665276684,12.207220713297525,12.688207490103585,0.9983681462140992,0.010443864229765013,0.008502069582727374,0.015665796344647518,0.0003,1.0,167.29004955291748
freeze_A0_seed1,freeze_A0,1,775,9300,0.03392425334701935,11.717686653137207,12.158649063110351,1.0,0.013054830287206266,0.011075064324868553,0.015665796344647518,0.0003,1.0,172.1931836605072
freeze_A0_seed1,freeze_A0,1,800,9600,0.03793975804001093,11.470656077067057,11.92014320918492,1.0,0.01174934725848564,0.01152254167132789,0.015665796344647518,0.0003,1.0,178.7423861026764
freeze_A0_seed1,freeze_A0,1,825,9900,0.20996683711806932,12.62669849395752,12.952081952776227,0.9559399477806788,0.01174934725848564,0.011970019017787225,0.015665796344647518,0.0003,1.0,185.49476218223572
freeze_A0_seed1,freeze_A0,1,850,10200,0.03510975123693546,11.277356465657553,11.716540500095912,1.0,0.013054830287206266,0.012976843047320729,0.015665796344647518,0.0003,1.0,191.65571427345276
freeze_A0_seed1,freeze_A0,1,875,10500,0.03451512008905411,11.424020449320475,11.861300986153738,1.0,0.01174934725848564,0.01241749636424656,0.015665796344647518,0.0003,1.0,197.62339663505554
freeze_A0_seed1,freeze_A0,1,900,10800,0.028849689445147913,11.769948641459147,12.20088996887207,1.0,0.009138381201044387,0.012864973710705895,0.015665796344647518,0.0003,1.0,203.8625156879425
freeze_A0_seed1,freeze_A0,1,925,11100,0.04012881281475226,11.699484825134277,12.132810102190291,0.9993472584856397,0.015665796344647518,0.012641235037476228,0.015665796344647518,0.0003,1.0,209.49875855445862
freeze_A0_seed1,freeze_A0,1,950,11400,0.03517529151091973,11.090242385864258,11.508150373186384,1.0,0.016971279373368148,0.013871797740239401,0.016971279373368148,0.0003,1.0,214.04695630073547
freeze_A0_seed1,freeze_A0,1,975,11700,0.16425142933924994,12.139954249064127,12.520056588309151,0.9725848563968669,0.016971279373368148,0.013983667076854235,0.016971279373368148,0.0003,1.0,219.57803320884705
freeze_A0_seed1,freeze_A0,1,1000,12000,0.04087841510772705,11.399796485900879,11.857439313616071,0.9993472584856397,0.016971279373368148,0.014766752433158071,0.016971279373368148,0.0003,1.0,225.48499608039856
freeze_A0_seed1,freeze_A0,1,1025,12300,0.03402739204466343,10.764554659525553,11.230323246547155,1.0,0.013054830287206266,0.015214229779617406,0.016971279373368148,0.0003,1.0,232.32185173034668
freeze_A0_seed1,freeze_A0,1,1050,12600,0.029250231261054676,11.038021405537924,11.540268707275391,1.0,0.01174934725848564,0.014095536413469069,0.016971279373368148,0.0003,1.0,238.5008294582367
freeze_A0_seed1,freeze_A0,1,1075,12900,0.21395916988452277,11.016179402669271,11.499820709228516,0.9588772845953003,0.0195822454308094,0.015773576462691577,0.0195822454308094,0.0003,1.0,244.7967607975006
freeze_A0_seed1,freeze_A0,1,1100,13200,0.03268104139715433,10.453232765197754,10.913056155613491,1.0,0.018276762402088774,0.016221053809150912,0.0195822454308094,0.0003,1.0,251.34944200515747
freeze_A0_seed1,freeze_A0,1,1125,13500,0.030139853712171316,10.6549285252889,11.098938260759626,1.0,0.018276762402088774,0.01678040049222508,0.0195822454308094,0.0003,1.0,256.96647691726685
freeze_A0_seed1,freeze_A0,1,1150,13800,0.8793400377035141,10.919170697530111,11.259096908569337,0.7418407310704961,0.0195822454308094,0.017116008502069582,0.0195822454308094,0.0003,1.0,262.45708107948303
freeze_A0_seed1,freeze_A0,1,1175,14100,0.033572483186920486,10.243014653523764,10.596893419538226,1.0,0.0195822454308094,0.021590781966662937,0.0195822454308094,0.0003,1.0,266.77770471572876
freeze_A0_seed1,freeze_A0,1,1200,14400,0.07924527395516634,10.405558268229166,10.742512130737305,0.9934725848563969,0.015665796344647518,0.018458440541447588,0.0195822454308094,0.0003,1.0,273.0090403556824
freeze_A0_seed1,freeze_A0,1,1225,14700,0.025444682221859694,10.441898981730143,10.784159987313407,1.0,0.02610966057441253,0.021255173956818436,0.02610966057441253,0.0003,1.0,279.21251225471497
freeze_A0_seed1,freeze_A0,1,1250,15000,0.03268369473516941,9.97300910949707,10.312076922825405,1.0,0.022193211488250653,0.021143304620203602,0.02610966057441253,0.0003,1.0,285.04332160949707
freeze_A0_seed1,freeze_A0,1,1275,15300,0.02857430838048458,10.2126833597819,10.58810190473284,1.0,0.022193211488250653,0.02170265130327777,0.02610966057441253,0.0003,1.0,291.0282926559448
freeze_A0_seed1,freeze_A0,1,1300,15600,0.02401234566544493,10.49535338083903,10.8846163885934,1.0,0.02349869451697128,0.02259760599619644,0.02610966057441253,0.0003,1.0,297.8219316005707
freeze_A0_seed1,freeze_A0,1,1325,15900,0.026216769280532997,10.090572992960611,10.36830804007394,1.0,0.030026109660574413,0.024723123391878286,0.030026109660574413,0.0003,1.0,304.80921363830566
freeze_A0_seed1,freeze_A0,1,1350,16200,0.030877440391729277,9.732581774393717,10.036966296604701,1.0,0.02741514360313316,0.023268822015885447,0.030026109660574413,0.0003,1.0,310.8220365047455
freeze_A0_seed1,freeze_A0,1,1375,16500,0.028048646170645952,9.976272265116373,10.30657811846052,1.0,0.030026109660574413,0.022933214006040946,0.030026109660574413,0.0003,1.0,317.40584659576416
freeze_A0_seed1,freeze_A0,1,1400,16800,0.03283882808561126,9.956885973612467,10.20432401384626,1.0,0.028720626631853787,0.028638550173397472,0.030026109660574413,0.0003,1.0,322.7569079399109
freeze_A0_seed1,freeze_A0,1,1425,17100,0.0333008267916739,9.337055842081705,9.575290925162179,1.0,0.02741514360313316,0.02975724353954581,0.030026109660574413,0.0003,1.0,329.55152654647827
freeze_A0_seed1,freeze_A0,1,1450,17400,0.026872679125517607,10.002164840698242,10.297470446995327,1.0,0.02741514360313316,0.026848640787560128,0.030026109660574413,0.0003,1.0,336.13146901130676
freeze_A0_seed1,freeze_A0,1,1475,17700,0.025850552134215832,9.633084932963053,9.945718792506627,1.0,0.031331592689295036,0.0274079874706343,0.031331592689295036,0.0003,1.0,342.9106810092926
freeze_A0_seed1,freeze_A0,1,1500,18000,0.6344778140385946,9.54503091176351,9.932253592354911,0.8107049608355091,0.028720626631853787,0.027743595480478802,0.031331592689295036,0.0003,1.0,348.3106999397278
freeze_A0_seed1,freeze_A0,1,1525,18300,0.030225858713189762,9.133622169494629,9.317203167506626,1.0,0.037859007832898174,0.030764067569079314,0.037859007832898174,0.0003,1.0,354.7629885673523
freeze_A0_seed1,freeze_A0,1,1550,18600,0.028708974365144968,9.194744110107422,9.397183173043388,1.0,0.033942558746736295,0.03065219823246448,0.037859007832898174,0.0003,1.0,360.2762932777405
freeze_A0_seed1,freeze_A0,1,1575,18900,0.39511749893426895,10.454940478006998,10.711343683515276,0.8903394255874674,0.04177545691906005,0.026960510124174962,0.04177545691906005,0.0003,1.0,363.72420358657837
freeze_A0_seed1,freeze_A0,1,1600,19200,0.028143639210611582,9.034825325012207,9.278312683105469,1.0,0.04046997389033943,0.031882760935227655,0.04177545691906005,0.0003,1.0,370.1785936355591
freeze_A0_seed1,freeze_A0,1,1625,19500,0.030201840835313003,8.93378734588623,9.176897484915598,1.0,0.03524804177545692,0.03177089159861282,0.04177545691906005,0.0003,1.0,375.486914396286
freeze_A0_seed1,freeze_A0,1,1650,19800,0.08499074727296829,9.589272816975912,9.995214298793249,0.9905352480417755,0.03655352480417755,0.033337062311220494,0.04177545691906005,0.0003,1.0,382.2111632823944
freeze_A0_seed1,freeze_A0,1,1675,20100,0.021380622250338394,9.170628865559896,9.439365087236677,1.0,0.0391644908616188,0.035462579706902336,0.04177545691906005,0.0003,1.0,386.819162607193
freeze_A0_seed1,freeze_A0,1,1700,20400,0.025401358492672443,8.894845644632975,9.173644011361258,1.0,0.04046997389033943,0.03613379572659134,0.04177545691906005,0.0003,1.0,392.0131492614746
freeze_A0_seed1,freeze_A0,1,1725,20700,0.02187908363218109,9.144939104715982,9.436686052594865,1.0,0.044386422976501305,0.03669314240966551,0.044386422976501305,0.0003,1.0,398.92221689224243
freeze_A0_seed1,freeze_A0,1,1750,21000,0.9716388980547587,9.803466161092123,10.083771787370955,0.7114882506527415,0.028720626631853787,0.03009285154939031,0.044386422976501305,0.0003,1.0,405.3228039741516
freeze_A0_seed1,freeze_A0,1,1775,21300,0.027847873823096354,8.706476847330729,8.891875702994211,1.0,0.04699738903394256,0.03971361449826603,0.04699738903394256,0.0003,1.0,411.8719890117645
freeze_A0_seed1,freeze_A0,1,1800,21600,0.02782659651711583,8.653729756673178,8.87334886278425,1.0,0.04569190600522193,0.040272961181340196,0.04699738903394256,0.0003,1.0,418.0556516647339
freeze_A0_seed1,freeze_A0,1,1825,21900,0.1714862920343876,9.489380836486816,9.801915713718959,0.9601827676240209,0.04308093994778068,0.03591005705336167,0.04699738903394256,0.0003,1.0,424.4369909763336
freeze_A0_seed1,freeze_A0,1,1850,22200,0.025621361875285704,8.54852263132731,8.78696449824742,1.0,0.04960835509138381,0.04284595592348137,0.04960835509138381,0.0003,1.0,430.3641254901886
freeze_A0_seed1,freeze_A0,1,1875,22500,0.02585116292660435,8.544656753540039,8.814898681640624,1.0,0.04960835509138381,0.043181563933325874,0.04960835509138381,0.0003,1.0,436.42326498031616
freeze_A0_seed1,freeze_A0,1,1900,22800,0.09227396020044883,8.85149892171224,9.091567066737584,0.9859660574412533,0.044386422976501305,0.04385277995301488,0.04960835509138381,0.0003,1.0,441.4200029373169
freeze_A0_seed1,freeze_A0,1,1925,23100,0.02269087142000596,8.762521107991537,8.833897999354772,1.0,0.05352480417754569,0.045978297348696726,0.05352480417754569,0.0003,1.0,447.7119097709656
freeze_A0_seed1,freeze_A0,1,1950,23400,0.028094306122511625,8.45909039179484,8.58195550101144,1.0,0.048302872062663184,0.0475444680613044,0.05352480417754569,0.0003,1.0,453.77082896232605
freeze_A0_seed1,freeze_A0,1,1975,23700,0.023164184608807165,8.60649331410726,8.776421247209822,1.0,0.050913838120104436,0.04642577469515606,0.05352480417754569,0.0003,1.0,459.99662685394287
freeze_A0_seed1,freeze_A0,1,2000,24000,0.020004410451898973,8.813524881998697,8.997986439296177,1.0,0.04960835509138381,0.04564268933885222,0.05352480417754569,0.0003,1.0,465.5440950393677
freeze_A0_seed1,freeze_A0,1,2025,24300,0.04405761789530516,8.799350102742514,8.99983651297433,0.9996736292428199,0.057441253263707574,0.051571764179438415,0.057441253263707574,0.0003,1.0,471.23439478874207
freeze_A0_seed1,freeze_A0,1,2050,24600,0.0283382348716259,8.211541811625162,8.40533812386649,1.0,0.06266318537859007,0.05201924152589775,0.06266318537859007,0.0003,1.0,477.7316265106201
freeze_A0_seed1,freeze_A0,1,2075,24900,0.07414319521437089,8.58118756612142,8.85317930494036,0.9928198433420365,0.06005221932114883,0.048327553417608235,0.06266318537859007,0.0003,1.0,482.5451567173004
freeze_A0_seed1,freeze_A0,1,2100,25200,0.020734770844380062,8.538022994995117,8.80540360042027,1.0,0.06527415143603134,0.05022933214006041,0.06527415143603134,0.0003,1.0,489.48559641838074
freeze_A0_seed1,freeze_A0,1,2125,25500,0.020347747175643843,8.527594884236654,8.828649820600237,1.0,0.06657963446475196,0.050676809486519744,0.06657963446475196,0.0003,1.0,496.11934185028076
freeze_A0_seed1,freeze_A0,1,2150,25800,0.06727079084763925,9.226759592692057,9.373136738368443,0.9918407310704961,0.05352480417754569,0.05291419621881642,0.06657963446475196,0.0003,1.0,501.9557554721832
freeze_A0_seed1,freeze_A0,1,2175,26100,0.02529499928156535,8.194952646891275,8.349899360111781,1.0,0.06919060052219321,0.05347354290189059,0.06919060052219321,0.0003,1.0,508.5616190433502
freeze_A0_seed1,freeze_A0,1,2200,26400,0.025846313995619614,8.097346305847168,8.309169019971575,1.0,0.06788511749347259,0.05324980422866092,0.06919060052219321,0.0003,1.0,513.9479424953461
freeze_A0_seed1,freeze_A0,1,2225,26700,0.022031825501471758,8.284526824951172,8.525105122157505,1.0,0.06788511749347259,0.053921020248349924,0.06919060052219321,0.0003,1.0,520.5359222888947
freeze_A0_seed1,freeze_A0,1,2250,27000,0.019390065378199022,8.517035166422525,8.769322422572545,1.0,0.06919060052219321,0.053026065555431254,0.06919060052219321,0.0003,1.0,526.9722118377686
freeze_A0_seed1,freeze_A0,1,2275,27300,0.08910500382383664,9.058168729146322,9.230650520324707,0.9879242819843342,0.07049608355091384,0.0548159749412686,0.07049608355091384,0.0003,1.0,531.8331618309021
freeze_A0_seed1,freeze_A0,1,2300,27600,0.02587430877611041,7.938579400380452,8.176938383919852,1.0,0.07049608355091384,0.05593466830741694,0.07049608355091384,0.0003,1.0,538.0358490943909
freeze_A0_seed1,freeze_A0,1,2325,27900,0.02329325769096613,8.01071039835612,8.273010117667061,1.0,0.06266318537859007,0.05503971361449827,0.07049608355091384,0.0003,1.0,544.410275220871
freeze_A0_seed1,freeze_A0,1,2350,28200,0.20902819683154425,9.737822532653809,9.96928288596017,0.941579634464752,0.057441253263707574,0.05034120147667524,0.07049608355091384,0.0003,1.0,550.4154405593872
freeze_A0_seed1,freeze_A0,1,2375,28500,0.020514418215801317,8.148238976796469,8.368913786751884,1.0,0.06005221932114883,0.058172055039713615,0.07049608355091384,0.0003,1.0,553.9312868118286
freeze_A0_seed1,freeze_A0,1,2400,28800,0.023471344883243244,7.979746182759603,8.20129188810076,1.0,0.0587467362924282,0.05772457769325428,0.07049608355091384,0.0003,1.0,559.323798418045
freeze_A0_seed1,freeze_A0,1,2425,29100,0.020735368598252535,8.135530471801758,8.3721524647304,0.9996736292428199,0.0639686684073107,0.05593466830741694,0.07049608355091384,0.0003,1.0,567.1330831050873
freeze_A0_seed1,freeze_A0,1,2450,29400,0.016513021507610876,8.36009693145752,8.574243790762765,1.0,0.06657963446475196,0.056382145653876274,0.07049608355091384,0.0003,1.0,571.8284437656403
freeze_A0_seed1,freeze_A0,1,2475,29700,0.020122259700049955,8.135881106058756,8.273907688685826,1.0,0.06788511749347259,0.06600290860275199,0.07049608355091384,0.0003,1.0,576.5342676639557
freeze_A0_seed1,freeze_A0,1,2500,30000,0.02607067363957564,7.821425278981526,8.005355930328369,1.0,0.0639686684073107,0.06309430585076631,0.07049608355091384,0.0003,1.0,582.7761924266815
freeze_A0_seed1,freeze_A0,1,2525,30300,0.022173860110342503,7.814305782318115,8.044823319571359,1.0,0.0731070496083551,0.0627586978409218,0.0731070496083551,0.0003,1.0,590.0007331371307
freeze_A0_seed1,freeze_A0,1,2550,30600,0.018643188445518415,8.01258118947347,8.2355514390128,1.0,0.07180156657963446,0.06443673789014431,0.0731070496083551,0.0003,1.0,596.5471544265747
freeze_A0_seed1,freeze_A0,1,2575,30900,0.09738594355682532,8.642356236775717,8.927905818394253,0.9827023498694517,0.07571801566579635,0.06689786329567066,0.07571801566579635,0.0003,1.0,601.8081948757172
freeze_A0_seed1,freeze_A0,1,2600,31200,0.022898408584296703,7.466530005137126,7.756976822444371,1.0,0.0835509138381201,0.06891151135473766,0.0835509138381201,0.0003,1.0,608.6991024017334
freeze_A0_seed1,freeze_A0,1,2625,31500,0.02086426628132661,7.534082571665446,7.831327860695975,1.0,0.08224543080939947,0.07081329007718984,0.0835509138381201,0.0003,1.0,614.3321075439453
freeze_A0_seed1,freeze_A0,1,2650,31800,0.01816337586690982,7.676862557729085,7.981284768240792,1.0,0.0783289817232376,0.0696945967110415,0.0835509138381201,0.0003,1.0,620.9805834293365
freeze_A0_seed1,freeze_A0,1,2675,32100,0.015485668399681648,7.846530596415202,8.170580972943988,1.0,0.07702349869451697,0.07081329007718984,0.0835509138381201,0.0003,1.0,627.5600707530975
freeze_A0_seed1,freeze_A0,1,2700,32400,0.022889181816329558,7.900911649068196,8.066927078792027,1.0,0.08877284595300261,0.07909162098668755,0.08877284595300261,0.0003,1.0,633.9248516559601
freeze_A0_seed1,freeze_A0,1,2725,32700,0.02534944610670209,7.228878498077393,7.435704476492745,1.0,0.0926892950391645,0.08009844501622106,0.0926892950391645,0.0003,1.0,640.5625908374786
freeze_A0_seed1,freeze_A0,1,2750,33000,0.021895632147789,7.286024252573649,7.494608688354492,1.0,0.09530026109660575,0.07953909833314689,0.09530026109660575,0.0003,1.0,645.092001914978
freeze_A0_seed1,freeze_A0,1,2775,33300,0.01865581174691518,7.417366186777751,7.648128836495536,1.0,0.097911227154047,0.08233583174851773,0.097911227154047,0.0003,1.0,651.2302875518799
freeze_A0_seed1,freeze_A0,1,2800,33600,0.017645083367824554,7.716329574584961,7.895195238930839,1.0,0.097911227154047,0.09262781071708245,0.097911227154047,0.0003,1.0,656.8781449794769
freeze_A0_seed1,freeze_A0,1,2825,33900,0.023614329130699236,6.889627456665039,7.088122190747942,1.0,0.09138381201044386,0.09027855464817093,0.097911227154047,0.0003,1.0,662.9342019557953
freeze_A0_seed1,freeze_A0,1,2850,34200,0.020916896717001993,6.951697667439778,7.149312945774623,1.0,0.0926892950391645,0.09162098668754894,0.097911227154047,0.0003,1.0,668.8327119350433
freeze_A0_seed1,freeze_A0,1,2875,34500,0.017556538494924705,7.084699471791585,7.275022574833462,1.0,0.09530026109660575,0.0954245441324533,0.097911227154047,0.0003,1.0,675.5357100963593
freeze_A0_seed1,freeze_A0,1,2900,34800,0.015220679187526306,7.164320151011149,7.3555334908621655,1.0,0.10052219321148825,0.0967669761718313,0.10052219321148825,0.0003,1.0,682.5772495269775
freeze_A0_seed1,freeze_A0,1,2925,35100,0.016886761412024498,6.840738932291667,7.035129983084542,1.0,0.11357702349869452,0.10985568855576687,0.11357702349869452,0.0003,1.0,689.5279080867767
freeze_A0_seed1,freeze_A0,1,2950,35400,0.021711189144601423,6.375749270121257,6.547693525041852,1.0,0.11879895561357702,0.11343550732744155,0.11879895561357702,0.0003,1.0,695.7876217365265
freeze_A0_seed1,freeze_A0,1,2975,35700,0.019094236971189577,6.355780601501465,6.543269143785749,1.0,0.12140992167101827,0.1162322407428124,0.12140992167101827,0.0003,1.0,701.435072183609
freeze_A0_seed1,freeze_A0,1,3000,36000,0.01675023091956973,6.404915968577067,6.584370572226388,1.0,0.1279373368146214,0.1185814968117239,0.1279373368146214,0.0003,1.0,708.0480787754059
freeze_A0_seed1,freeze_A0,1,3025,36300,0.013991637853905559,6.457854429880778,6.6400659561157225,1.0,0.12532637075718014,0.12193757691016892,0.1279373368146214,0.0003,1.0,713.3266086578369
freeze_A0_seed1,freeze_A0,1,3050,36600,0.019054051643858354,5.828732490539551,5.957257761274065,1.0,0.1370757180156658,0.14777939366819554,0.1370757180156658,0.0003,1.0,719.4503829479218
freeze_A0_seed1,freeze_A0,1,3075,36900,0.021149315250416596,5.549949963887532,5.677910940987723,1.0,0.1462140992167102,0.1493455643808032,0.1462140992167102,0.0003,1.0,725.8585469722748
freeze_A0_seed1,freeze_A0,1,3100,37200,0.018195470639814932,5.524033069610596,5.630260249546596,1.0,0.15013054830287206,0.15426781519185592,0.15013054830287206,0.0003,1.0,731.4920825958252
freeze_A0_seed1,freeze_A0,1,3125,37500,0.19809805788099766,6.4425632158915205,6.505409949166435,0.9477806788511749,0.15926892950391644,0.14543013759928403,0.15926892950391644,0.0003,1.0,738.3060977458954
freeze_A0_seed1,freeze_A0,1,3150,37800,0.01728803152218461,4.677757898966472,4.79314285005842,1.0,0.20234986945169714,0.20438527799530148,0.20234986945169714,0.0003,1.0,744.5881969928741
freeze_A0_seed1,freeze_A0,1,3175,38100,0.01750911942993601,4.361724853515625,4.4492120334080285,1.0,0.22193211488250653,0.22508110526904576,0.22193211488250653,0.0003,1.0,752.4145131111145
freeze_A0_seed1,freeze_A0,1,3200,38400,0.015017096806938449,4.167444547017415,4.220302036830357,1.0,0.24934725848563968,0.24499384718648617,0.24934725848563968,0.0003,1.0,758.5313491821289
freeze_A0_seed1,freeze_A0,1,3225,38700,0.011441049864515662,3.788724501927694,3.868622691290719,1.0,0.283289817232376,0.2843718536749077,0.283289817232376,0.0003,1.0,765.0691165924072
freeze_A0_seed1,freeze_A0,1,3250,39000,0.010971722891554236,3.3399640719095864,3.4004761763981413,1.0,0.3263707571801567,0.3285602416377671,0.3263707571801567,0.0003,1.0,771.7873876094818
freeze_A0_seed1,freeze_A0,1,3275,39300,0.009076703417425355,2.8947483698527017,2.948346287863595,1.0,0.38903394255874674,0.3801320058172055,0.38903394255874674,0.0003,1.0,776.9762423038483
freeze_A0_seed1,freeze_A0,1,3300,39600,0.011057636700570583,1.3403056859970093,1.3500498022351946,1.0,0.639686684073107,0.61953238617295,0.639686684073107,0.0003,1.0,782.7706832885742
freeze_A0_seed1,freeze_A0,1,3325,39900,0.01324035235059758,0.9422744711240133,0.9430476972034999,1.0,0.7258485639686684,0.7156281463250923,0.7258485639686684,0.0003,1.0,789.5389745235443
freeze_A0_seed1,freeze_A0,1,3350,40200,0.0112882141644756,0.6274289886156718,0.6236067703792028,1.0,0.804177545691906,0.8103814744378566,0.804177545691906,0.0003,1.0,795.9500448703766
freeze_A0_seed1,freeze_A0,1,3375,40500,0.009150472392017642,0.4090566833813985,0.39617808290890283,1.0,0.8707571801566579,0.8804116791587426,0.8707571801566579,0.0003,1.0,801.3539037704468
freeze_A0_seed1,freeze_A0,1,3400,40800,0.007199270728354652,0.241531640291214,0.24015636358942305,1.0,0.9281984334203656,0.9314240966551068,0.9281984334203656,0.0003,1.0,806.9205627441406
freeze_A0_seed1,freeze_A0,1,3425,41100,0.005788008760040005,0.1521569937467575,0.1538441817675318,1.0,0.95822454308094,0.9578252600962076,0.95822454308094,0.0003,1.0,814.0301878452301
freeze_A0_seed1,freeze_A0,1,3450,41400,0.004632118584898611,0.10557150095701218,0.1045650771686009,1.0,0.97911227154047,0.9725920125293657,0.97911227154047,0.0003,1.0,819.4345536231995
freeze_A0_seed1,freeze_A0,1,3475,41700,0.0038019416582149765,0.07815951108932495,0.07738312131592205,1.0,0.9856396866840731,0.9829958608345453,0.9856396866840731,0.0003,1.0,825.6454453468323
freeze_A0_seed1,freeze_A0,1,3500,42000,0.0031417254552555582,0.06542270133892696,0.06326448225549289,1.0,0.9830287206266318,0.9852332475668419,0.9856396866840731,0.0003,1.0,832.3391981124878
freeze_A0_seed1,freeze_A0,1,3525,42300,0.002605564038579663,0.05647501970330874,0.052753547791923795,1.0,0.9882506527415144,0.9876943729723683,0.9882506527415144,0.0003,1.0,839.9813079833984
freeze_A0_seed1,freeze_A0,1,3550,42600,0.0021945806414199374,0.05022543172041575,0.046001761087349484,1.0,0.9908616187989556,0.988589327665287,0.9908616187989556,0.0003,1.0,846.5487356185913
freeze_A0_seed1,freeze_A0,1,3575,42900,0.0018533267041978736,0.04383817253013452,0.03954529320555074,1.0,0.9934725848563969,0.9904911063877391,0.9934725848563969,0.0003,1.0,850.9954719543457
freeze_A0_seed1,freeze_A0,1,3600,43200,0.0015649249641379963,0.040873344987630844,0.035934530145355636,1.0,0.9908616187989556,0.9913860610806577,0.9934725848563969,0.0003,1.0,856.4448177814484
freeze_A0_seed1,freeze_A0,1,3625,43500,0.0013152630805658798,0.03727456865211328,0.03203747831285,1.0,0.9934725848563969,0.9920572771003467,0.9934725848563969,0.0003,1.0,862.8062860965729
freeze_A0_seed1,freeze_A0,1,3650,43800,0.0011206196601657818,0.03422692666451136,0.030120827044759477,1.0,0.9908616187989556,0.9923928851101913,0.9934725848563969,0.0003,1.0,868.450587272644
freeze_A0_seed1,freeze_A0,1,3675,44100,0.008436336492498716,0.04901648312807083,0.050562824947493416,1.0,0.9934725848563969,0.9914979304172726,0.9934725848563969,0.0003,1.0,874.7737867832184
freeze_A0_seed1,freeze_A0,1,3700,44400,0.007648940780200064,0.041597998390595116,0.04256088323891163,1.0,0.9986945169712794,0.9948540105157176,0.9986945169712794,0.0003,1.0,881.1273729801178
freeze_A0_seed1,freeze_A0,1,3725,44700,0.006530051197235783,0.038298806796471276,0.039378540271094865,1.0,0.9986945169712794,0.9947421411791028,0.9986945169712794,0.0003,1.0,886.3931510448456
freeze_A0_seed1,freeze_A0,1,3750,45000,0.005571777427879472,0.03557336454590162,0.03685965985059738,1.0,1.0,0.994630271842488,1.0,0.0003,1.0,891.6468172073364
freeze_A0_seed1,freeze_A0,1,3775,45300,0.004716575688992937,0.03319180322190126,0.034849057506237714,1.0,0.9986945169712794,0.9944065331692583,1.0,0.0003,1.0,898.1887464523315
freeze_A0_seed1,freeze_A0,1,3800,45600,0.003960855964881678,0.030410037686427433,0.032324610384447235,1.0,0.9986945169712794,0.9944065331692583,1.0,0.0003,1.0,905.4751486778259
freeze_A0_seed1,freeze_A0,1,3825,45900,0.0033009840408340096,0.028766177594661713,0.03134087744568075,1.0,0.9986945169712794,0.9935115784763396,1.0,0.0003,1.0,912.1821546554565
freeze_A0_seed1,freeze_A0,1,3850,46200,0.0027458834423062703,0.026513516282041866,0.029514313702072414,1.0,0.9986945169712794,0.9935115784763396,1.0,0.0003,1.0,918.5044591426849
freeze_A0_seed1,freeze_A0,1,3875,46500,0.002281439083162695,0.024890152116616566,0.028284082082765442,1.0,0.9986945169712794,0.9935115784763396,1.0,0.0003,1.0,924.5043499469757
freeze_A0_seed1,freeze_A0,1,3900,46800,0.0018940492591354996,0.022603383908669155,0.026223318411835603,1.0,0.9986945169712794,0.9941827944960286,1.0,0.0003,1.0,930.4261229038239
freeze_A0_seed1,freeze_A0,1,3925,47100,0.0015755985708286364,0.021459147334098816,0.02598121480218002,1.0,0.9986945169712794,0.9937353171495693,1.0,0.0003,1.0,937.1761250495911
freeze_A0_seed1,freeze_A0,1,3950,47400,0.0013131881326747437,0.01970833943535884,0.024886190838047436,1.0,0.9986945169712794,0.9933997091397248,1.0,0.0003,1.0,943.2769641876221
freeze_A0_seed1,freeze_A0,1,3975,47700,0.0010927909461315721,0.018296946461002033,0.023836248953427588,1.0,0.9986945169712794,0.9938471864861841,1.0,0.0003,1.0,949.3968720436096
freeze_A0_seed1,freeze_A0,1,4000,48000,0.0009106875222641975,0.016685401710371178,0.02247817755809852,1.0,0.9986945169712794,0.9945184025058731,1.0,0.0003,1.0,955.3901746273041
freeze_A0_seed1,freeze_A0,1,4025,48300,0.0007574133730183045,0.01611103614171346,0.022345152896429812,1.0,0.9986945169712794,0.9941827944960286,1.0,0.0003,1.0,961.935064792633
freeze_A0_seed1,freeze_A0,1,4050,48600,0.0006404590773551414,0.014920013956725597,0.021439801821751255,1.0,0.9986945169712794,0.9940709251594138,1.0,0.0003,1.0,967.8800485134125
freeze_A0_seed1,freeze_A0,1,4075,48900,0.00053336406078112,0.013782298813263575,0.020456094028694288,1.0,0.9986945169712794,0.9945184025058731,1.0,0.0003,1.0,982.6458215713501
freeze_A0_seed1,freeze_A0,1,4100,49200,0.0004479417475522496,0.012555579033990702,0.019479030344103063,1.0,0.9986945169712794,0.9948540105157176,1.0,0.0003,1.0,996.3132126331329
freeze_A0_seed1,freeze_A0,1,4125,49500,0.00037211464950814843,0.012442628232141336,0.01931932396920664,1.0,0.9986945169712794,0.9949658798523324,1.0,0.0003,1.0,1009.7148406505585
freeze_A0_seed1,freeze_A0,1,4150,49800,0.000318638289172668,0.01167445071041584,0.018423579686454365,1.0,0.9986945169712794,0.9954133571987918,1.0,0.0003,1.0,1016.3315887451172
freeze_A0_seed1,freeze_A0,1,4175,50100,0.00026640190966039273,0.010842329356819391,0.017541336321405,1.0,0.9986945169712794,0.995301487862177,1.0,0.0003,1.0,1026.1114294528961
freeze_A0_seed1,freeze_A0,1,4200,50400,0.00022495805509000397,0.009811006486415863,0.017004236139889273,1.0,0.9986945169712794,0.9956370958720214,1.0,0.0003,1.0,1042.2362117767334
freeze_A0_seed1,freeze_A0,1,4225,50700,0.00018735116464085877,0.010006723925471306,0.01671968616013016,1.0,0.9986945169712794,0.9958608345452511,1.0,0.0003,1.0,1052.100267648697
freeze_A0_seed1,freeze_A0,1,4250,51000,0.00015979654805657142,0.009257049765437841,0.016060484692986522,1.0,0.9986945169712794,0.9963083118917104,1.0,0.0003,1.0,1061.2226481437683
freeze_A0_seed1,freeze_A0,1,4275,51300,0.0001350794433771322,0.008675919535259405,0.015370148300592388,1.0,0.9986945169712794,0.9960845732184808,1.0,0.0003,1.0,1068.8305168151855
freeze_A0_seed1,freeze_A0,1,4300,51600,0.00011439502304710913,0.007959319744259119,0.014621922027851854,1.0,0.9986945169712794,0.9964201812283253,1.0,0.0003,1.0,1075.7694358825684
freeze_A0_seed1,freeze_A0,1,4325,51900,9.547255649522413e-05,0.008243414728591839,0.014538338873535395,1.0,0.9986945169712794,0.9961964425550957,1.0,0.0003,1.0,1089.0858976840973
freeze_A0_seed1,freeze_A0,1,4350,52200,8.113447923581892e-05,0.007521792470167081,0.014042667618819645,1.0,0.9986945169712794,0.9965320505649401,1.0,0.0003,1.0,1095.73730802536
freeze_A0_seed1,freeze_A0,1,4375,52500,7.041049199566866e-05,0.00707341645223399,0.013624245407325881,1.0,0.9986945169712794,0.9964201812283253,1.0,0.0003,1.0,1106.9672691822052
freeze_A0_seed1,freeze_A0,1,4400,52800,5.880935198850542e-05,0.006714339678486188,0.012616099949393953,1.0,0.9986945169712794,0.9969795279113994,1.0,0.0003,1.0,1116.8696718215942
freeze_A0_seed1,freeze_A0,1,4425,53100,4.9304398695918884e-05,0.006785880619039138,0.012712982150592975,1.0,0.9986945169712794,0.9969795279113994,1.0,0.0003,1.0,1130.8071465492249
freeze_A0_seed1,freeze_A0,1,4450,53400,4.195311157673132e-05,0.00639772042632103,0.012452893371560744,1.0,0.9986945169712794,0.996643919901555,1.0,0.0003,1.0,1145.0232582092285
freeze_A0_seed1,freeze_A0,1,4475,53700,3.745603771676542e-05,0.005926838299880425,0.011867153983829277,1.0,0.9986945169712794,0.9967557892381698,1.0,0.0003,1.0,1156.5999212265015
freeze_A0_seed1,freeze_A0,1,4500,54000,3.070431754773987e-05,0.005718691352133949,0.011228736603100385,1.0,0.9986945169712794,0.9969795279113994,1.0,0.0003,1.0,1169.9208176136017
freeze_A0_seed1,freeze_A0,1,4525,54300,2.5812076728470856e-05,0.005698755228271087,0.011394385946914554,1.0,0.9986945169712794,0.9967557892381698,1.0,0.0003,1.0,1182.4183053970337
freeze_A0_seed1,freeze_A0,1,4550,54600,2.2060552964831004e-05,0.0055168945497522754,0.011169429402798414,1.0,0.9986945169712794,0.9968676585747847,1.0,0.0003,1.0,1190.6927700042725
freeze_A0_seed1,freeze_A0,1,4575,54900,1.9702849537376704e-05,0.0051489042428632574,0.010674279808465923,1.0,0.9986945169712794,0.9967557892381698,1.0,0.0003,1.0,1199.3936383724213
freeze_A0_seed1,freeze_A0,1,4600,55200,1.6219909260447214e-05,0.0049218481096128626,0.010230919811874628,1.0,0.9986945169712794,0.9969795279113994,1.0,0.0003,1.0,1210.896800518036
freeze_A0_seed1,freeze_A0,1,4625,55500,1.3705728861168609e-05,0.004989225106934707,0.010403203558442847,1.0,0.9986945169712794,0.996643919901555,1.0,0.0003,1.0,1223.7576479911804
freeze_A0_seed1,freeze_A0,1,4650,55800,1.1788289157266263e-05,0.004936669332285722,0.010342107736505568,1.0,0.9986945169712794,0.996643919901555,1.0,0.0003,1.0,1231.3693375587463
freeze_A0_seed1,freeze_A0,1,4675,56100,0.02869569743052125,0.09429522107044856,0.09220390809433801,1.0,0.9856396866840731,0.9846739008837677,1.0,0.0003,1.0,1239.1835374832153
freeze_A0_seed1,freeze_A0,1,4700,56400,0.01655337610282004,0.06831980248292287,0.06375630923679897,1.0,0.9934725848563969,0.9942946638326434,1.0,0.0003,1.0,1250.4883935451508
freeze_A0_seed1,freeze_A0,1,4725,56700,0.013307694888984164,0.06083031122883161,0.05602141310061727,1.0,0.9947780678851175,0.9944065331692583,1.0,0.0003,1.0,1263.2733781337738
freeze_A0_seed1,freeze_A0,1,4750,57000,0.010054268563787142,0.055186850329240165,0.05024157485791615,1.0,0.9973890339425587,0.9938471864861841,1.0,0.0003,1.0,1270.3350613117218
freeze_A0_seed1,freeze_A0,1,4775,57300,0.007501191071545084,0.05155856783191363,0.04585585982671806,1.0,0.9960835509138382,0.9942946638326434,1.0,0.0003,1.0,1282.4168405532837
freeze_A0_seed1,freeze_A0,1,4800,57600,0.0056420602680494385,0.04611044252912203,0.04089910952108247,1.0,0.9960835509138382,0.9945184025058731,1.0,0.0003,1.0,1290.8059811592102
freeze_A0_seed1,freeze_A0,1,4825,57900,0.004310630145482719,0.04250778630375862,0.03604216575622558,1.0,0.9973890339425587,0.9950777491889473,1.0,0.0003,1.0,1306.3396780490875
freeze_A0_seed1,freeze_A0,1,4850,58200,0.0033366616892938814,0.03817291557788849,0.03125477736549718,1.0,0.9973890339425587,0.995972703881866,1.0,0.0003,1.0,1312.7386767864227
freeze_A0_seed1,freeze_A0,1,4875,58500,0.0026620464050211012,0.03250268412133058,0.027530037771378246,1.0,0.9986945169712794,0.9963083118917104,1.0,0.0003,1.0,1324.2272052764893
freeze_A0_seed1,freeze_A0,1,4900,58800,0.002088433044264093,0.029612147559722263,0.023952115885913373,1.0,0.9973890339425587,0.9970913972480143,1.0,0.0003,1.0,1331.408128976822
freeze_A0_seed1,freeze_A0,1,4925,59100,0.0016597149466785293,0.026535042251149814,0.02160292829253844,1.0,0.9986945169712794,0.997315135921244,1.0,0.0003,1.0,1340.2994701862335
freeze_A0_seed1,freeze_A0,1,4950,59400,0.0013367268062817554,0.024770155549049377,0.01990512992654528,1.0,0.9986945169712794,0.9974270052578588,1.0,0.0003,1.0,1348.593223810196
freeze_A0_seed1,freeze_A0,1,4975,59700,0.0011125157470814884,0.02203094648818175,0.01801244688353368,1.0,0.9986945169712794,0.9976507439310884,1.0,0.0003,1.0,1359.093500137329
freeze_A0_seed1,freeze_A0,1,5000,60000,0.0009021050742982576,0.020723639676968258,0.01641615653144462,1.0,0.9986945169712794,0.997986351940933,1.0,0.0003,1.0,1367.6251266002655
freeze_A0_seed1,freeze_A0,1,5025,60300,0.0007273658557096496,0.019634999955693882,0.015317936813724892,1.0,0.9986945169712794,0.997986351940933,1.0,0.0003,1.0,1381.7799015045166
freeze_A0_seed1,freeze_A0,1,5050,60600,0.0005988638683144624,0.018931330181658268,0.014430125416921718,1.0,0.9986945169712794,0.9982100906141627,1.0,0.0003,1.0,1389.1401748657227
freeze_A0_seed1,freeze_A0,1,5075,60900,0.000505467437809178,0.017460142572720844,0.013367854644145284,1.0,0.9986945169712794,0.9982100906141627,1.0,0.0003,1.0,1397.5939500331879
freeze_A0_seed1,freeze_A0,1,5100,61200,0.00041992739473547164,0.016136113554239273,0.01251003522691982,1.0,0.9986945169712794,0.9985456986240071,1.0,0.0003,1.0,1405.7684547901154
freeze_A0_seed1,freeze_A0,1,5125,61500,0.00034266461201089743,0.01560809618482987,0.01181490310866918,1.0,0.9973890339425587,0.9983219599507774,1.0,0.0003,1.0,1417.857830286026
freeze_A0_seed1,freeze_A0,1,5150,61800,0.00028896345853960764,0.01578345460196336,0.011364265125510947,1.0,0.9973890339425587,0.9983219599507774,1.0,0.0003,1.0,1424.0835945606232
freeze_A0_seed1,freeze_A0,1,5175,62100,0.0002440242254427479,0.014816593689223131,0.010503957580242838,1.0,0.9973890339425587,0.9988813066338517,1.0,0.0003,1.0,1434.9921209812164
freeze_A0_seed1,freeze_A0,1,5200,62400,0.00020564787822271077,0.0139836510643363,0.010133468466145651,1.0,0.9973890339425587,0.998657567960622,1.0,0.0003,1.0,1445.0698039531708
freeze_A0_seed1,freeze_A0,1,5225,62700,0.00016948038076710267,0.013610028040905794,0.009591729333624243,1.0,0.9973890339425587,0.9983219599507774,1.0,0.0003,1.0,1453.0787963867188
freeze_A0_seed1,freeze_A0,1,5250,63000,0.00014512464258586988,0.014148040364185968,0.009414245926641992,1.0,0.9973890339425587,0.9982100906141627,1.0,0.0003,1.0,1462.7654631137848
freeze_A0_seed1,freeze_A0,1,5275,63300,0.00012269243779883254,0.013587564074744781,0.008654417297137635,1.0,0.9973890339425587,0.998657567960622,1.0,0.0003,1.0,1472.2081608772278
freeze_A0_seed1,freeze_A0,1,5300,63600,0.00010465601129302134,0.012954150481770435,0.008637415770707386,1.0,0.9973890339425587,0.9984338292873923,1.0,0.0003,1.0,1479.1243052482605
freeze_A0_seed1,freeze_A0,1,5325,63900,8.666192115924787e-05,0.012277530661473671,0.00824235682375729,1.0,0.9973890339425587,0.9983219599507774,1.0,0.0003,1.0,1492.7895262241364
freeze_A0_seed1,freeze_A0,1,5350,64200,7.505186052488473e-05,0.012231274352719387,0.008291887718119792,1.0,0.9973890339425587,0.997986351940933,1.0,0.0003,1.0,1504.59534740448
freeze_A0_seed1,freeze_A0,1,5375,64500,6.330900911658925e-05,0.011440653974811235,0.007517014829707997,1.0,0.9973890339425587,0.9985456986240071,1.0,0.0003,1.0,1512.993906736374
freeze_A0_seed1,freeze_A0,1,5400,64800,5.469346069730818e-05,0.010617227448771397,0.007750384828874043,1.0,0.9973890339425587,0.9982100906141627,1.0,0.0003,1.0,1519.9612550735474
freeze_A0_seed1,freeze_A0,1,5425,65100,4.54108127693568e-05,0.009567006801565489,0.00739644255622157,1.0,0.9973890339425587,0.9980982212775478,1.0,0.0003,1.0,1532.4361610412598
freeze_A0_seed1,freeze_A0,1,5450,65400,3.9499770840241886e-05,0.009461694397032261,0.00754664792413158,1.0,0.9973890339425587,0.9978744826043181,1.0,0.0003,1.0,1547.3872537612915
freeze_A0_seed1,freeze_A0,1,5475,65700,3.3256035900800875e-05,0.008897861776252588,0.006785820278206042,1.0,0.9973890339425587,0.9983219599507774,1.0,0.0003,1.0,1554.1419904232025
freeze_A0_seed1,freeze_A0,1,5500,66000,2.9055532195343403e-05,0.008228687957550088,0.007105861983395048,1.0,0.9973890339425587,0.9978744826043181,1.0,0.0003,1.0,1561.7004570960999
freeze_A0_seed1,freeze_A0,1,5525,66300,2.416732953255026e-05,0.007191182269404332,0.0068706796571080175,1.0,0.9986945169712794,0.9978744826043181,1.0,0.0003,1.0,1571.2680077552795
freeze_A0_seed1,freeze_A0,1,5550,66600,2.1011428846880637e-05,0.00730952387675643,0.007032547225909573,1.0,0.9986945169712794,0.9976507439310884,1.0,0.0003,1.0,1578.891016960144
freeze_A0_seed1,freeze_A0,1,5575,66900,1.7685057400740334e-05,0.006979208284368117,0.006322785666478532,1.0,0.9986945169712794,0.9982100906141627,1.0,0.0003,1.0,1587.7935225963593
freeze_A0_seed1,freeze_A0,1,5600,67200,1.5565834625400992e-05,0.006516419351100922,0.0066232901864818165,1.0,0.9986945169712794,0.9977626132677033,1.0,0.0003,1.0,1594.8875505924225
freeze_A0_seed1,freeze_A0,1,5625,67500,1.298576565507877e-05,0.005686347605660558,0.0065528579455401215,1.0,0.9986945169712794,0.9976507439310884,1.0,0.0003,1.0,1608.1219363212585
freeze_A0_seed1,freeze_A0,1,5650,67800,1.124522077589063e-05,0.0059560067020356655,0.006711752074105399,1.0,0.9973890339425587,0.9977626132677033,1.0,0.0003,1.0,1615.9875359535217
freeze_A0_seed1,freeze_A0,1,5675,68100,9.476967534283176e-06,0.005683640483766794,0.006057232851162553,1.0,0.9973890339425587,0.9982100906141627,1.0,0.0003,1.0,1625.3819677829742
freeze_A0_seed1,freeze_A0,1,5700,68400,8.370546576467556e-06,0.005331402411684394,0.00630403830270682,1.0,0.9973890339425587,0.9977626132677033,1.0,0.0003,1.0,1633.598373889923
freeze_A0_seed1,freeze_A0,1,5725,68700,7.01579915585171e-06,0.004846498680611451,0.006301945730644677,1.0,0.9973890339425587,0.9983219599507774,1.0,0.0003,1.0,1644.5972609519958
freeze_A0_seed1,freeze_A0,1,5750,69000,6.068743687137612e-06,0.005201497736076514,0.006435356778092682,1.0,0.9973890339425587,0.9982100906141627,1.0,0.0003,1.0,1650.2287936210632
freeze_A0_seed1,freeze_A0,1,5775,69300,5.097888447380683e-06,0.005106826312839985,0.00587299703287759,1.0,0.9973890339425587,0.9985456986240071,1.0,0.0003,1.0,1660.018606185913
freeze_A0_seed1,freeze_A0,1,5800,69600,4.511412157626182e-06,0.004968367128943403,0.006020492518187634,1.0,0.9973890339425587,0.9983219599507774,1.0,0.0003,1.0,1668.4056589603424
freeze_A0_seed1,freeze_A0,1,5825,69900,3.8053313649773677e-06,0.004686960834078491,0.006097897557940866,1.0,0.9973890339425587,0.9983219599507774,1.0,0.0003,1.0,1680.8354847431183
freeze_A0_seed1,freeze_A0,1,5850,70200,3.2985616182183244e-06,0.004892722237855196,0.0062377029697277715,1.0,0.9973890339425587,0.9980982212775478,1.0,0.0003,1.0,1690.4890854358673
freeze_A0_seed1,freeze_A0,1,5875,70500,2.7720396360564337e-06,0.004487082905446489,0.005608349865568536,1.0,0.9973890339425587,0.9983219599507774,1.0,0.0003,1.0,1698.7530074119568
freeze_A0_seed1,freeze_A0,1,5900,70800,2.4646929167223184e-06,0.004203222847233216,0.005781242843451244,1.0,0.9973890339425587,0.998657567960622,1.0,0.0003,1.0,1710.6797046661377
freeze_A0_seed1,freeze_A0,1,5925,71100,2.0848034125720005e-06,0.004032962257042527,0.0057769280326153555,1.0,0.9986945169712794,0.9984338292873923,1.0,0.0003,1.0,1727.4412760734558
freeze_A0_seed1,freeze_A0,1,5950,71400,1.8112538858379896e-06,0.0040390627303471165,0.0059274708403141375,1.0,0.9986945169712794,0.9983219599507774,1.0,0.0003,1.0,1735.4125871658325
freeze_A0_seed1,freeze_A0,1,5975,71700,1.531799578439556e-06,0.0034236840826148787,0.005308919192092227,1.0,0.9986945169712794,0.9985456986240071,1.0,0.0003,1.0,1743.706711769104
freeze_A0_seed1,freeze_A0,1,6000,72000,1.354518512168094e-06,0.0031334179802797735,0.005539482991610255,1.0,0.9986945169712794,0.998657567960622,1.0,0.0003,1.0,1752.946087360382
freeze_A0_seed1,freeze_A0,1,6025,72300,1.1510653052937414e-06,0.0031859896068150797,0.005495874434875856,1.0,0.9986945169712794,0.998657567960622,1.0,0.0003,1.0,1760.7442677021027
freeze_A0_seed1,freeze_A0,1,6050,72600,1.0172281292852858e-06,0.0030933561890075603,0.005621779932075047,1.0,0.9986945169712794,0.998657567960622,1.0,0.0003,1.0,1771.5604877471924
freeze_A0_seed1,freeze_A0,1,6075,72900,8.7338799422317e-07,0.002564951738653084,0.005000117563343208,1.0,0.9986945169712794,0.998657567960622,1.0,0.0003,1.0,1781.2822053432465
freeze_A0_seed1,freeze_A0,1,6100,73200,7.684166405397264e-07,0.002132015574413041,0.005295308960402118,1.0,1.0,0.998657567960622,1.0,0.0003,1.0,1791.6751704216003
freeze_A0_seed1,freeze_A0,1,6125,73500,6.568033844208306e-07,0.002458292176015675,0.005201061304459082,1.0,0.9986945169712794,0.9987694372972368,1.0,0.0003,1.0,1803.093997478485
freeze_A0_seed1,freeze_A0,1,6150,73800,5.883149848765848e-07,0.00236493984508949,0.005349178749435981,1.0,0.9986945169712794,0.998657567960622,1.0,0.0003,1.0,1811.6426041126251
freeze_A0_seed1,freeze_A0,1,6175,74100,5.139107036219078e-07,0.0019485062997167308,0.004789944626723549,1.0,0.9986945169712794,0.9985456986240071,1.0,0.0003,1.0,1818.562950849533
freeze_A0_seed1,freeze_A0,1,6200,74400,4.485379416034145e-07,0.0013262397260405123,0.005096226408412414,1.0,1.0,0.998657567960622,1.0,0.0003,1.0,1831.4492774009705
freeze_A0_seed1,freeze_A0,1,6225,74700,3.9375269741033964e-07,0.001901149235588188,0.005119559782490666,1.0,0.9986945169712794,0.9984338292873923,1.0,0.0003,1.0,1843.4407939910889
freeze_A0_seed1,freeze_A0,1,6250,75000,3.616221112186698e-07,0.001843226666096598,0.005294016930773588,1.0,0.9986945169712794,0.9987694372972368,1.0,0.0003,1.0,1849.5490715503693
freeze_A0_seed1,freeze_A0,1,6275,75300,3.104244517733908e-07,0.0015543223998975009,0.00483515974400299,1.0,1.0,0.998657567960622,1.0,0.0003,1.0,1857.3898341655731
freeze_A0_seed1,freeze_A0,1,6300,75600,2.7798841154928294e-07,0.0010461271449457854,0.005048321663967467,1.0,1.0,0.998657567960622,1.0,0.0003,1.0,1863.7147703170776
freeze_A0_seed1,freeze_A0,1,6325,75900,2.4551356148094783e-07,0.0013364339635396998,0.005152420157017851,1.0,1.0,0.9985456986240071,1.0,0.0003,1.0,1875.3653585910797
freeze_A0_seed1,freeze_A0,1,6350,76200,2.2852820672862131e-07,0.0012445904333920528,0.005401808499092502,1.0,1.0,0.9985456986240071,1.0,0.0003,1.0,1882.1922590732574
freeze_A0_seed1,freeze_A0,1,6375,76500,2.0778625990184688e-07,0.001297032421765228,0.005067529109406418,1.0,1.0,0.998657567960622,1.0,0.0003,1.0,1891.188580751419
freeze_A0_seed1,freeze_A0,1,6400,76800,1.814801713351244e-07,0.00085062035456455,0.004960536697347249,1.0,1.0,0.998657567960622,1.0,0.0003,1.0,1898.9319560527802
freeze_A0_seed1,freeze_A0,1,6425,77100,0.005843893935283025,0.03151302970945835,0.03553740515240601,1.0,0.9947780678851175,0.9937353171495693,1.0,0.0003,1.0,1913.2702927589417
freeze_A0_seed1,freeze_A0,1,6450,77400,0.01409197940180699,0.04709647471706072,0.04657986765461308,1.0,0.9986945169712794,0.9957489652086363,1.0,0.0003,1.0,1922.7614045143127
freeze_A0_seed1,freeze_A0,1,6475,77700,0.009755652320260802,0.03925681362549464,0.03736160679587296,1.0,0.9973890339425587,0.9964201812283253,1.0,0.0003,1.0,1930.6321904659271
freeze_A0_seed1,freeze_A0,1,6500,78000,0.005835852779758473,0.02900567092001438,0.026313984713384083,1.0,0.9973890339425587,0.997986351940933,1.0,0.0003,1.0,1939.388465642929
freeze_A0_seed1,freeze_A0,1,6525,78300,0.0034111013325552144,0.021549359584848087,0.019588599433856352,1.0,0.9973890339425587,0.9978744826043181,1.0,0.0003,1.0,1954.8648777008057
freeze_A0_seed1,freeze_A0,1,6550,78600,0.002111195324687287,0.01733412655691306,0.01568764466792345,1.0,0.9973890339425587,0.9980982212775478,1.0,0.0003,1.0,1962.5106592178345
freeze_A0_seed1,freeze_A0,1,6575,78900,0.001381789499040072,0.01471487277497848,0.013042903385524239,1.0,1.0,0.9984338292873923,1.0,0.0003,1.0,1972.5480937957764
freeze_A0_seed1,freeze_A0,1,6600,79200,0.0009676432916118453,0.012835971390207609,0.0118925578892231,1.0,1.0,0.9983219599507774,1.0,0.0003,1.0,1982.0955111980438
freeze_A0_seed1,freeze_A0,1,6625,79500,0.0006865028408356011,0.011628789516786734,0.010806703314717328,1.0,0.9986945169712794,0.9980982212775478,1.0,0.0003,1.0,1994.908338546753
freeze_A0_seed1,freeze_A0,1,6650,79800,0.000511653566112121,0.010914803172151247,0.01022424079211695,1.0,0.9986945169712794,0.9980982212775478,1.0,0.0003,1.0,2002.6556913852692
freeze_A0_seed1,freeze_A0,1,6675,80100,0.00038520172286856297,0.009935402000943819,0.00947185527932431,1.0,0.9986945169712794,0.997986351940933,1.0,0.0003,1.0,2010.7636408805847
freeze_A0_seed1,freeze_A0,1,6700,80400,0.0003036999502607311,0.009441571154942116,0.00922620875893959,1.0,0.9986945169712794,0.9982100906141627,1.0,0.0003,1.0,2019.0877916812897
freeze_A0_seed1,freeze_A0,1,6725,80700,0.00024179659885703586,0.00852199581762155,0.008889728445293649,1.0,0.9986945169712794,0.9977626132677033,1.0,0.0003,1.0,2031.7603135108948
freeze_A0_seed1,freeze_A0,1,6750,81000,0.00019767097546719015,0.00811070529744029,0.008675136097839901,1.0,0.9986945169712794,0.9977626132677033,1.0,0.0003,1.0,2038.6068859100342
freeze_A0_seed1,freeze_A0,1,6775,81300,0.0001615992356770827,0.007027994530896346,0.008149338141083717,1.0,0.9986945169712794,0.997986351940933,1.0,0.0003,1.0,2045.1317784786224
freeze_A0_seed1,freeze_A0,1,6800,81600,0.00013438262855440067,0.006675460996727149,0.007977948158181139,1.0,1.0,0.997986351940933,1.0,0.0003,1.0,2051.944680213928
freeze_A0_seed1,freeze_A0,1,6825,81900,0.00011098650368997672,0.005948756511012713,0.0077699249643566354,1.0,0.9986945169712794,0.9978744826043181,1.0,0.0003,1.0,2063.1241204738617
freeze_A0_seed1,freeze_A0,1,6850,82200,9.463920529621343e-05,0.0056942674952248735,0.007695501400823039,1.0,0.9986945169712794,0.9977626132677033,1.0,0.0003,1.0,2069.8864398002625
freeze_A0_seed1,freeze_A0,1,6875,82500,7.91024170515205e-05,0.0049311652934799595,0.007312456421953227,1.0,1.0,0.997986351940933,1.0,0.0003,1.0,2078.9911074638367
freeze_A0_seed1,freeze_A0,1,6900,82800,6.724212562403409e-05,0.004811239195987582,0.007131032672311579,1.0,1.0,0.9982100906141627,1.0,0.0003,1.0,2085.092354774475
freeze_A0_seed1,freeze_A0,1,6925,83100,5.610166954284068e-05,0.004216664936393499,0.00699099752652858,1.0,1.0,0.9978744826043181,1.0,0.0003,1.0,2096.7604281902313
freeze_A0_seed1,freeze_A0,1,6950,83400,4.836722928303061e-05,0.0042925074230879545,0.006942762946709991,1.0,1.0,0.9978744826043181,1.0,0.0003,1.0,2102.5382783412933
freeze_A0_seed1,freeze_A0,1,6975,83700,4.077705943927867e-05,0.0038044817435244718,0.006612529113356557,1.0,1.0,0.997986351940933,1.0,0.0003,1.0,2108.7644114494324
freeze_A0_seed1,freeze_A0,1,7000,84000,3.506319838682733e-05,0.003778969325746099,0.0065472623000719715,1.0,1.0,0.9980982212775478,1.0,0.0003,1.0,2115.987988948822
freeze_A0_seed1,freeze_A0,1,7025,84300,2.946663638188814e-05,0.0032336259415994086,0.006384067706364606,1.0,1.0,0.9983219599507774,1.0,0.0003,1.0,2125.9973719120026
freeze_A0_seed1,freeze_A0,1,7050,84600,2.5493446325223584e-05,0.0035768401188155017,0.006314436610721584,1.0,1.0,0.997986351940933,1.0,0.0003,1.0,2132.925812482834
freeze_A0_seed1,freeze_A0,1,7075,84900,2.1566729477247765e-05,0.0031452261998007693,0.006043818356868412,1.0,1.0,0.997986351940933,1.0,0.0003,1.0,2141.4057488441467
freeze_A0_seed1,freeze_A0,1,7100,85200,1.8655357052921318e-05,0.0031336297591527305,0.006082903442438692,1.0,1.0,0.997986351940933,1.0,0.0003,1.0,2150.2326583862305
freeze_A0_seed1,freeze_A0,1,7125,85500,1.5745476654653128e-05,0.0026530838028217354,0.0058619177135239755,1.0,1.0,0.9980982212775478,1.0,0.0003,1.0,2159.5158808231354
freeze_A0_seed1,freeze_A0,1,7150,85800,1.3661383491125889e-05,0.0029986080092688403,0.005766412889352068,1.0,1.0,0.997986351940933,1.0,0.0003,1.0,2167.0308253765106
freeze_A0_seed1,freeze_A0,1,7175,86100,1.1591575533505724e-05,0.002504937816411257,0.00550928422432792,1.0,1.0,0.9983219599507774,1.0,0.0003,1.0,2174.501026391983
freeze_A0_seed1,freeze_A0,1,7200,86400,1.0060783855199892e-05,0.002562404105750223,0.005603270490454244,1.0,1.0,0.9982100906141627,1.0,0.0003,1.0,2181.2256259918213
freeze_A0_seed1,freeze_A0,1,7225,86700,8.50443241991646e-06,0.0022353066597133875,0.005364993334348713,1.0,1.0,0.9984338292873923,1.0,0.0003,1.0,2194.529697418213
freeze_A0_seed1,freeze_A0,1,7250,87000,7.420614338116138e-06,0.0026425192675863705,0.00525814200851268,1.0,1.0,0.9982100906141627,1.0,0.0003,1.0,2202.0494606494904
freeze_A0_seed1,freeze_A0,1,7275,87300,6.302097100766939e-06,0.00210852874442935,0.005057503901688116,1.0,1.0,0.9984338292873923,1.0,0.0003,1.0,2210.2978060245514
freeze_A0_seed1,freeze_A0,1,7300,87600,5.484049817520524e-06,0.002159393644736459,0.005246214717460264,1.0,1.0,0.9984338292873923,1.0,0.0003,1.0,2216.4597556591034
freeze_A0_seed1,freeze_A0,1,7325,87900,4.65475447223677e-06,0.0018910767588143547,0.004967571237024718,1.0,1.0,0.9985456986240071,1.0,0.0003,1.0,2228.3468284606934
freeze_A0_seed1,freeze_A0,1,7350,88200,4.0708355110533985e-06,0.002176147187128663,0.004841301140342174,1.0,1.0,0.9984338292873923,1.0,0.0003,1.0,2236.539392709732
freeze_A0_seed1,freeze_A0,1,7375,88500,3.4813073928792924e-06,0.0015880899542632203,0.004656164687392967,1.0,1.0,0.998657567960622,1.0,0.0003,1.0,2243.28430891037
freeze_A0_seed1,freeze_A0,1,7400,88800,3.0285507743125586e-06,0.0016091388921874266,0.004872822633478791,1.0,1.0,0.9985456986240071,1.0,0.0003,1.0,2252.5512437820435
freeze_A0_seed1,freeze_A0,1,7425,89100,2.5811233020552513e-06,0.0014373208008085687,0.004575362823171807,1.0,1.0,0.9985456986240071,1.0,0.0003,1.0,2268.74707365036
freeze_A0_seed1,freeze_A0,1,7450,89400,2.262425198296114e-06,0.0016206196742132306,0.004448170682631566,1.0,1.0,0.9985456986240071,1.0,0.0003,1.0,2276.8270478248596
freeze_A0_seed1,freeze_A0,1,7475,89700,1.9461414240140584e-06,0.0011596262532596786,0.004367308575144437,1.0,1.0,0.9987694372972368,1.0,0.0003,1.0,2283.401303291321
freeze_A0_seed1,freeze_A0,1,7500,90000,1.6980265229449287e-06,0.0012129003492494423,0.004556878068251535,1.0,1.0,0.9985456986240071,1.0,0.0003,1.0,2293.2877535820007
freeze_A0_seed1,freeze_A0,1,7525,90300,1.4501291426919731e-06,0.0010970952183318634,0.004275667202559167,1.0,1.0,0.9985456986240071,1.0,0.0003,1.0,2305.8411791324615
freeze_A0_seed1,freeze_A0,1,7550,90600,1.279944314092063e-06,0.0011855397994319599,0.004169246647922721,1.0,1.0,0.9985456986240071,1.0,0.0003,1.0,2313.255457639694
freeze_A0_seed1,freeze_A0,1,7575,90900,1.1021336092653655e-06,0.0008631433205058178,0.004116120198991016,1.0,1.0,0.9987694372972368,1.0,0.0003,1.0,2320.588128566742
freeze_A0_seed1,freeze_A0,1,7600,91200,9.720029036467774e-07,0.0009390383299129704,0.004276355751374338,1.0,1.0,0.9985456986240071,1.0,0.0003,1.0,2326.8314912319183
freeze_A0_seed1,freeze_A0,1,7625,91500,8.33304971100309e-07,0.0008609894430264831,0.004045039019963172,1.0,1.0,0.9985456986240071,1.0,0.0003,1.0,2338.109203338623
freeze_A0_seed1,freeze_A0,1,7650,91800,7.477524045877241e-07,0.0008686531218700111,0.003973093662976421,1.0,1.0,0.998657567960622,1.0,0.0003,1.0,2343.524481534958
freeze_A0_seed1,freeze_A0,1,7675,92100,0.007879532407969236,0.05790977676709493,0.05425760948232242,1.0,0.9869451697127938,0.9852332475668419,1.0,0.0003,1.0,2349.1432707309723
freeze_A0_seed1,freeze_A0,1,7700,92400,0.012459520483389497,0.048014212399721146,0.04306776018014976,1.0,0.9947780678851175,0.9960845732184808,1.0,0.0003,1.0,2354.4924590587616
freeze_A0_seed1,freeze_A0,1,7725,92700,0.011553564108908176,0.04831544558207194,0.0416526981230293,1.0,0.9934725848563969,0.9964201812283253,1.0,0.0003,1.0,2360.7047193050385
freeze_A0_seed1,freeze_A0,1,7750,93000,0.005684019803690414,0.034024693071842194,0.027445673889347485,1.0,0.9960835509138382,0.9970913972480143,1.0,0.0003,1.0,2366.625156402588
freeze_A0_seed1,freeze_A0,1,7775,93300,0.0023612670483998954,0.02142612325648467,0.017931548665676797,1.0,0.9986945169712794,0.997986351940933,1.0,0.0003,1.0,2371.4162242412567
freeze_A0_seed1,freeze_A0,1,7800,93600,0.001176894399880742,0.01426890647659699,0.01315074883667486,1.0,1.0,0.9983219599507774,1.0,0.0003,1.0,2377.34085893631
freeze_A0_seed1,freeze_A0,1,7825,93900,0.0006892434369850283,0.011668226371208826,0.011181917001626322,1.0,1.0,0.9984338292873923,1.0,0.0003,1.0,2384.869352579117
freeze_A0_seed1,freeze_A0,1,7850,94200,0.0004572078663234909,0.010250935330986977,0.010882055732820715,1.0,1.0,0.9978744826043181,1.0,0.0003,1.0,2390.3375470638275
freeze_A0_seed1,freeze_A0,1,7875,94500,0.0003151667818504696,0.009449107261995474,0.009644909775150673,1.0,1.0,0.9983219599507774,1.0,0.0003,1.0,2396.4854168891907
freeze_A0_seed1,freeze_A0,1,7900,94800,0.00023763813805999234,0.009518387106557688,0.009562869130500725,1.0,1.0,0.9982100906141627,1.0,0.0003,1.0,2402.2417407035828
freeze_A0_seed1,freeze_A0,1,7925,95100,0.00017696083159535192,0.008384820384283861,0.009318997444851058,1.0,1.0,0.9978744826043181,1.0,0.0003,1.0,2409.9698238372803
freeze_A0_seed1,freeze_A0,1,7950,95400,0.00013979625994882858,0.008109625894576311,0.008809947142643588,1.0,1.0,0.9978744826043181,1.0,0.0003,1.0,2415.1626205444336
freeze_A0_seed1,freeze_A0,1,7975,95700,0.00011058171367039904,0.007297144581874211,0.008068053470924496,1.0,1.0,0.9984338292873923,1.0,0.0003,1.0,2421.501049757004
freeze_A0_seed1,freeze_A0,1,8000,96000,9.380662777402904e-05,0.006926892014841239,0.007602225656488112,1.0,1.0,0.9984338292873923,1.0,0.0003,1.0,2428.6965548992157
freeze_A0_seed1,freeze_A0,1,8025,96300,7.655970269600705e-05,0.0065147702892621355,0.007508742669597268,1.0,1.0,0.9984338292873923,1.0,0.0003,1.0,2436.1324841976166
freeze_A0_seed1,freeze_A0,1,8050,96600,6.410583773686085e-05,0.006557378141830365,0.007160578754597476,1.0,0.9986945169712794,0.9983219599507774,1.0,0.0003,1.0,2441.976744890213
freeze_A0_seed1,freeze_A0,1,8075,96900,5.2450278417381924e-05,0.006272475079943736,0.006832417380064726,1.0,0.9986945169712794,0.9984338292873923,1.0,0.0003,1.0,2447.6202449798584
freeze_A0_seed1,freeze_A0,1,8100,97200,4.589360590519694e-05,0.0062459528756638365,0.0065327047470158765,1.0,0.9986945169712794,0.9985456986240071,1.0,0.0003,1.0,2453.726279258728
freeze_A0_seed1,freeze_A0,1,8125,97500,3.8062496666195024e-05,0.005988080520182848,0.006610435786257897,1.0,1.0,0.9984338292873923,1.0,0.0003,1.0,2461.1203882694244
freeze_A0_seed1,freeze_A0,1,8150,97800,3.2511671633983497e-05,0.006579602758089702,0.006365339953585395,1.0,0.9986945169712794,0.9984338292873923,1.0,0.0003,1.0,2467.058277130127
freeze_A0_seed1,freeze_A0,1,8175,98100,2.7025995980996715e-05,0.006672265939414501,0.006104684165412826,1.0,0.9973890339425587,0.9983219599507774,1.0,0.0003,1.0,2471.563788175583
freeze_A0_seed1,freeze_A0,1,8200,98400,2.3767388635557534e-05,0.0065259359156092005,0.005867959811751332,1.0,0.9960835509138382,0.9983219599507774,1.0,0.0003,1.0,2476.2671267986298
freeze_A0_seed1,freeze_A0,1,8225,98700,1.9703438889943452e-05,0.0060614847267667455,0.005942342367156276,1.0,0.9973890339425587,0.9980982212775478,1.0,0.0003,1.0,2483.580358505249
freeze_A0_seed1,freeze_A0,1,8250,99000,1.697131407733347e-05,0.006480471619094412,0.005648358395722295,1.0,0.9973890339425587,0.9983219599507774,1.0,0.0003,1.0,2490.642695426941
freeze_A0_seed1,freeze_A0,1,8275,99300,1.424616925760347e-05,0.006614990998059511,0.005540095529119883,1.0,0.9960835509138382,0.9984338292873923,1.0,0.0003,1.0,2497.6599390506744
freeze_A0_seed1,freeze_A0,1,8300,99600,1.2581018988081874e-05,0.006194837158545852,0.005380106467886695,1.0,0.9973890339425587,0.9987694372972368,1.0,0.0003,1.0,2504.7266330718994
freeze_A0_seed1,freeze_A0,1,8325,99900,1.0442587533058637e-05,0.005738714166606466,0.00533390507002228,1.0,0.9986945169712794,0.9983219599507774,1.0,0.0003,1.0,2512.352986574173
freeze_A0_seed1,freeze_A0,1,8350,100200,9.046288823810755e-06,0.005880260452007254,0.005040118266229651,1.0,0.9973890339425587,0.9985456986240071,1.0,0.0003,1.0,2517.9368295669556
freeze_A0_seed1,freeze_A0,1,8375,100500,7.610918639026447e-06,0.005973096936941147,0.004959463795447456,1.0,0.9986945169712794,0.9984338292873923,1.0,0.0003,1.0,2523.7129294872284
freeze_A0_seed1,freeze_A0,1,8400,100800,6.727592941994469e-06,0.005773002204174797,0.004791293369739183,1.0,0.9986945169712794,0.9987694372972368,1.0,0.0003,1.0,2529.819910764694
